org.objectweb.asm:AnnotationVisitor:public,abstract,interface:::visit:public,abstract:2:java.lang.String,java.lang.Object:void::3PP
org.objectweb.asm:AnnotationVisitor:public,abstract,interface:::visitEnum:public,abstract:3:java.lang.String,java.lang.String,java.lang.String:void::3PP
org.objectweb.asm:AnnotationVisitor:public,abstract,interface:::visitAnnotation:public,abstract:2:java.lang.String,java.lang.String:org.objectweb.asm.AnnotationVisitor::3PP
org.objectweb.asm:AnnotationVisitor:public,abstract,interface:::visitArray:public,abstract:1:java.lang.String:org.objectweb.asm.AnnotationVisitor::3PP
org.objectweb.asm:AnnotationVisitor:public,abstract,interface:::visitEnd:public,abstract:0::void::3PP
org.objectweb.asm:AnnotationWriter:final:java.lang.Object:org.objectweb.asm.AnnotationVisitor:<init>::5:org.objectweb.asm.ClassWriter,boolean,org.objectweb.asm.ByteVector,org.objectweb.asm.ByteVector,int:void::3PP
org.objectweb.asm:AnnotationWriter:final:java.lang.Object:org.objectweb.asm.AnnotationVisitor:visit:public:2:java.lang.String,java.lang.Object:void::3PP
org.objectweb.asm:AnnotationWriter:final:java.lang.Object:org.objectweb.asm.AnnotationVisitor:visitEnum:public:3:java.lang.String,java.lang.String,java.lang.String:void::3PP
org.objectweb.asm:AnnotationWriter:final:java.lang.Object:org.objectweb.asm.AnnotationVisitor:visitAnnotation:public:2:java.lang.String,java.lang.String:org.objectweb.asm.AnnotationVisitor::3PP
org.objectweb.asm:AnnotationWriter:final:java.lang.Object:org.objectweb.asm.AnnotationVisitor:visitArray:public:1:java.lang.String:org.objectweb.asm.AnnotationVisitor::3PP
org.objectweb.asm:AnnotationWriter:final:java.lang.Object:org.objectweb.asm.AnnotationVisitor:visitEnd:public:0::void::3PP
org.objectweb.asm:AnnotationWriter:final:java.lang.Object:org.objectweb.asm.AnnotationVisitor:a::0::int::3PP
org.objectweb.asm:AnnotationWriter:final:java.lang.Object:org.objectweb.asm.AnnotationVisitor:a::1:org.objectweb.asm.ByteVector:void::3PP
org.objectweb.asm:AnnotationWriter:final:java.lang.Object:org.objectweb.asm.AnnotationVisitor:a:static:3:org.objectweb.asm.AnnotationWriter[],int,org.objectweb.asm.ByteVector:void::3PP
org.objectweb.asm:Attribute:public:java.lang.Object::<init>:protected:1:java.lang.String:void::3PP
org.objectweb.asm:Attribute:public:java.lang.Object::isUnknown:public:0::boolean::3PP
org.objectweb.asm:Attribute:public:java.lang.Object::isCodeAttribute:public:0::boolean::3PP
org.objectweb.asm:Attribute:public:java.lang.Object::getLabels:protected:0::org.objectweb.asm.Label[]::3PP
org.objectweb.asm:Attribute:public:java.lang.Object::read:protected:6:org.objectweb.asm.ClassReader,int,int,char[],int,org.objectweb.asm.Label[]:org.objectweb.asm.Attribute::3PP
org.objectweb.asm:Attribute:public:java.lang.Object::write:protected:5:org.objectweb.asm.ClassWriter,byte[],int,int,int:org.objectweb.asm.ByteVector::3PP
org.objectweb.asm:Attribute:public:java.lang.Object::a:final:0::int::3PP
org.objectweb.asm:Attribute:public:java.lang.Object::a:final:5:org.objectweb.asm.ClassWriter,byte[],int,int,int:int::3PP
org.objectweb.asm:Attribute:public:java.lang.Object::a:final:6:org.objectweb.asm.ClassWriter,byte[],int,int,int,org.objectweb.asm.ByteVector:void::3PP
org.objectweb.asm:ByteVector:public:java.lang.Object::<init>:public:0::void::3PP
org.objectweb.asm:ByteVector:public:java.lang.Object::<init>:public:1:int:void::3PP
org.objectweb.asm:ByteVector:public:java.lang.Object::putByte:public:1:int:org.objectweb.asm.ByteVector::3PP
org.objectweb.asm:ByteVector:public:java.lang.Object::a::2:int,int:org.objectweb.asm.ByteVector::3PP
org.objectweb.asm:ByteVector:public:java.lang.Object::putShort:public:1:int:org.objectweb.asm.ByteVector::3PP
org.objectweb.asm:ByteVector:public:java.lang.Object::b::2:int,int:org.objectweb.asm.ByteVector::3PP
org.objectweb.asm:ByteVector:public:java.lang.Object::putInt:public:1:int:org.objectweb.asm.ByteVector::3PP
org.objectweb.asm:ByteVector:public:java.lang.Object::putLong:public:1:long:org.objectweb.asm.ByteVector::3PP
org.objectweb.asm:ByteVector:public:java.lang.Object::putUTF8:public:1:java.lang.String:org.objectweb.asm.ByteVector::3PP
org.objectweb.asm:ByteVector:public:java.lang.Object::putByteArray:public:3:byte[],int,int:org.objectweb.asm.ByteVector::3PP
org.objectweb.asm:ByteVector:public:java.lang.Object::a:private:1:int:void::3PP
org.objectweb.asm:ClassAdapter:public:java.lang.Object:org.objectweb.asm.ClassVisitor:<init>:public:1:org.objectweb.asm.ClassVisitor:void::3PP
org.objectweb.asm:ClassAdapter:public:java.lang.Object:org.objectweb.asm.ClassVisitor:visit:public:6:int,int,java.lang.String,java.lang.String,java.lang.String,java.lang.String[]:void::3PP
org.objectweb.asm:ClassAdapter:public:java.lang.Object:org.objectweb.asm.ClassVisitor:visitSource:public:2:java.lang.String,java.lang.String:void::3PP
org.objectweb.asm:ClassAdapter:public:java.lang.Object:org.objectweb.asm.ClassVisitor:visitOuterClass:public:3:java.lang.String,java.lang.String,java.lang.String:void::3PP
org.objectweb.asm:ClassAdapter:public:java.lang.Object:org.objectweb.asm.ClassVisitor:visitAnnotation:public:2:java.lang.String,boolean:org.objectweb.asm.AnnotationVisitor::3PP
org.objectweb.asm:ClassAdapter:public:java.lang.Object:org.objectweb.asm.ClassVisitor:visitAttribute:public:1:org.objectweb.asm.Attribute:void::3PP
org.objectweb.asm:ClassAdapter:public:java.lang.Object:org.objectweb.asm.ClassVisitor:visitInnerClass:public:4:java.lang.String,java.lang.String,java.lang.String,int:void::3PP
org.objectweb.asm:ClassAdapter:public:java.lang.Object:org.objectweb.asm.ClassVisitor:visitField:public:5:int,java.lang.String,java.lang.String,java.lang.String,java.lang.Object:org.objectweb.asm.FieldVisitor::3PP
org.objectweb.asm:ClassAdapter:public:java.lang.Object:org.objectweb.asm.ClassVisitor:visitMethod:public:5:int,java.lang.String,java.lang.String,java.lang.String,java.lang.String[]:org.objectweb.asm.MethodVisitor::3PP
org.objectweb.asm:ClassAdapter:public:java.lang.Object:org.objectweb.asm.ClassVisitor:visitEnd:public:0::void::3PP
org.objectweb.asm:ClassReader:public:java.lang.Object::<init>:public:1:byte[]:void::3PP
org.objectweb.asm:ClassReader:public:java.lang.Object::<init>:public:3:byte[],int,int:void::3PP
org.objectweb.asm:ClassReader:public:java.lang.Object::getAccess:public:0::int::3PP
org.objectweb.asm:ClassReader:public:java.lang.Object::getClassName:public:0::java.lang.String::3PP
org.objectweb.asm:ClassReader:public:java.lang.Object::getSuperName:public:0::java.lang.String::3PP
org.objectweb.asm:ClassReader:public:java.lang.Object::getInterfaces:public:0::java.lang.String[]::3PP
org.objectweb.asm:ClassReader:public:java.lang.Object::a::1:org.objectweb.asm.ClassWriter:void::3PP
org.objectweb.asm:ClassReader:public:java.lang.Object::<init>:public:1:java.io.InputStream:void::3PP
org.objectweb.asm:ClassReader:public:java.lang.Object::<init>:public:1:java.lang.String:void::3PP
org.objectweb.asm:ClassReader:public:java.lang.Object::a:private,static:1:java.io.InputStream:byte[]::3PP
org.objectweb.asm:ClassReader:public:java.lang.Object::accept:public:2:org.objectweb.asm.ClassVisitor,int:void::3PP
org.objectweb.asm:ClassReader:public:java.lang.Object::accept:public:3:org.objectweb.asm.ClassVisitor,org.objectweb.asm.Attribute[],int:void::3PP
org.objectweb.asm:ClassReader:public:java.lang.Object::a:private:5:int,java.lang.String,char[],boolean,org.objectweb.asm.MethodVisitor:void::3PP
org.objectweb.asm:ClassReader:public:java.lang.Object::a:private:4:int,char[],boolean,org.objectweb.asm.AnnotationVisitor:int::3PP
org.objectweb.asm:ClassReader:public:java.lang.Object::a:private:4:int,char[],java.lang.String,org.objectweb.asm.AnnotationVisitor:int::3PP
org.objectweb.asm:ClassReader:public:java.lang.Object::a:private:5:java.lang.Object[],int,int,char[],org.objectweb.asm.Label[]:int::3PP
org.objectweb.asm:ClassReader:public:java.lang.Object::readLabel:protected:2:int,org.objectweb.asm.Label[]:org.objectweb.asm.Label::3PP
org.objectweb.asm:ClassReader:public:java.lang.Object::a:private:7:org.objectweb.asm.Attribute[],java.lang.String,int,int,char[],int,org.objectweb.asm.Label[]:org.objectweb.asm.Attribute::3PP
org.objectweb.asm:ClassReader:public:java.lang.Object::getItem:public:1:int:int::3PP
org.objectweb.asm:ClassReader:public:java.lang.Object::readByte:public:1:int:int::3PP
org.objectweb.asm:ClassReader:public:java.lang.Object::readUnsignedShort:public:1:int:int::3PP
org.objectweb.asm:ClassReader:public:java.lang.Object::readShort:public:1:int:short::3PP
org.objectweb.asm:ClassReader:public:java.lang.Object::readInt:public:1:int:int::3PP
org.objectweb.asm:ClassReader:public:java.lang.Object::readLong:public:1:int:long::3PP
org.objectweb.asm:ClassReader:public:java.lang.Object::readUTF8:public:2:int,char[]:java.lang.String::3PP
org.objectweb.asm:ClassReader:public:java.lang.Object::a:private:3:int,int,char[]:java.lang.String::3PP
org.objectweb.asm:ClassReader:public:java.lang.Object::readClass:public:2:int,char[]:java.lang.String::3PP
org.objectweb.asm:ClassReader:public:java.lang.Object::readConst:public:2:int,char[]:java.lang.Object::3PP
org.objectweb.asm:ClassVisitor:public,abstract,interface:::visit:public,abstract:6:int,int,java.lang.String,java.lang.String,java.lang.String,java.lang.String[]:void::3PP
org.objectweb.asm:ClassVisitor:public,abstract,interface:::visitSource:public,abstract:2:java.lang.String,java.lang.String:void::3PP
org.objectweb.asm:ClassVisitor:public,abstract,interface:::visitOuterClass:public,abstract:3:java.lang.String,java.lang.String,java.lang.String:void::3PP
org.objectweb.asm:ClassVisitor:public,abstract,interface:::visitAnnotation:public,abstract:2:java.lang.String,boolean:org.objectweb.asm.AnnotationVisitor::3PP
org.objectweb.asm:ClassVisitor:public,abstract,interface:::visitAttribute:public,abstract:1:org.objectweb.asm.Attribute:void::3PP
org.objectweb.asm:ClassVisitor:public,abstract,interface:::visitInnerClass:public,abstract:4:java.lang.String,java.lang.String,java.lang.String,int:void::3PP
org.objectweb.asm:ClassVisitor:public,abstract,interface:::visitField:public,abstract:5:int,java.lang.String,java.lang.String,java.lang.String,java.lang.Object:org.objectweb.asm.FieldVisitor::3PP
org.objectweb.asm:ClassVisitor:public,abstract,interface:::visitMethod:public,abstract:5:int,java.lang.String,java.lang.String,java.lang.String,java.lang.String[]:org.objectweb.asm.MethodVisitor::3PP
org.objectweb.asm:ClassVisitor:public,abstract,interface:::visitEnd:public,abstract:0::void::3PP
org.objectweb.asm:ClassWriter:public:java.lang.Object:org.objectweb.asm.ClassVisitor:<init>:public:1:int:void::3PP
org.objectweb.asm:ClassWriter:public:java.lang.Object:org.objectweb.asm.ClassVisitor:<init>:public:2:org.objectweb.asm.ClassReader,int:void::3PP
org.objectweb.asm:ClassWriter:public:java.lang.Object:org.objectweb.asm.ClassVisitor:visit:public:6:int,int,java.lang.String,java.lang.String,java.lang.String,java.lang.String[]:void::3PP
org.objectweb.asm:ClassWriter:public:java.lang.Object:org.objectweb.asm.ClassVisitor:visitSource:public:2:java.lang.String,java.lang.String:void::3PP
org.objectweb.asm:ClassWriter:public:java.lang.Object:org.objectweb.asm.ClassVisitor:visitOuterClass:public:3:java.lang.String,java.lang.String,java.lang.String:void::3PP
org.objectweb.asm:ClassWriter:public:java.lang.Object:org.objectweb.asm.ClassVisitor:visitAnnotation:public:2:java.lang.String,boolean:org.objectweb.asm.AnnotationVisitor::3PP
org.objectweb.asm:ClassWriter:public:java.lang.Object:org.objectweb.asm.ClassVisitor:visitAttribute:public:1:org.objectweb.asm.Attribute:void::3PP
org.objectweb.asm:ClassWriter:public:java.lang.Object:org.objectweb.asm.ClassVisitor:visitInnerClass:public:4:java.lang.String,java.lang.String,java.lang.String,int:void::3PP
org.objectweb.asm:ClassWriter:public:java.lang.Object:org.objectweb.asm.ClassVisitor:visitField:public:5:int,java.lang.String,java.lang.String,java.lang.String,java.lang.Object:org.objectweb.asm.FieldVisitor::3PP
org.objectweb.asm:ClassWriter:public:java.lang.Object:org.objectweb.asm.ClassVisitor:visitMethod:public:5:int,java.lang.String,java.lang.String,java.lang.String,java.lang.String[]:org.objectweb.asm.MethodVisitor::3PP
org.objectweb.asm:ClassWriter:public:java.lang.Object:org.objectweb.asm.ClassVisitor:visitEnd:public:0::void::3PP
org.objectweb.asm:ClassWriter:public:java.lang.Object:org.objectweb.asm.ClassVisitor:toByteArray:public:0::byte[]::3PP
org.objectweb.asm:ClassWriter:public:java.lang.Object:org.objectweb.asm.ClassVisitor:a::1:java.lang.Object:org.objectweb.asm.Item::3PP
org.objectweb.asm:ClassWriter:public:java.lang.Object:org.objectweb.asm.ClassVisitor:newConst:public:1:java.lang.Object:int::3PP
org.objectweb.asm:ClassWriter:public:java.lang.Object:org.objectweb.asm.ClassVisitor:newUTF8:public:1:java.lang.String:int::3PP
org.objectweb.asm:ClassWriter:public:java.lang.Object:org.objectweb.asm.ClassVisitor:a::1:java.lang.String:org.objectweb.asm.Item::3PP
org.objectweb.asm:ClassWriter:public:java.lang.Object:org.objectweb.asm.ClassVisitor:newClass:public:1:java.lang.String:int::3PP
org.objectweb.asm:ClassWriter:public:java.lang.Object:org.objectweb.asm.ClassVisitor:a::3:java.lang.String,java.lang.String,java.lang.String:org.objectweb.asm.Item::3PP
org.objectweb.asm:ClassWriter:public:java.lang.Object:org.objectweb.asm.ClassVisitor:newField:public:3:java.lang.String,java.lang.String,java.lang.String:int::3PP
org.objectweb.asm:ClassWriter:public:java.lang.Object:org.objectweb.asm.ClassVisitor:a::4:java.lang.String,java.lang.String,java.lang.String,boolean:org.objectweb.asm.Item::3PP
org.objectweb.asm:ClassWriter:public:java.lang.Object:org.objectweb.asm.ClassVisitor:newMethod:public:4:java.lang.String,java.lang.String,java.lang.String,boolean:int::3PP
org.objectweb.asm:ClassWriter:public:java.lang.Object:org.objectweb.asm.ClassVisitor:a::1:int:org.objectweb.asm.Item::3PP
org.objectweb.asm:ClassWriter:public:java.lang.Object:org.objectweb.asm.ClassVisitor:a::1:float:org.objectweb.asm.Item::3PP
org.objectweb.asm:ClassWriter:public:java.lang.Object:org.objectweb.asm.ClassVisitor:a::1:long:org.objectweb.asm.Item::3PP
org.objectweb.asm:ClassWriter:public:java.lang.Object:org.objectweb.asm.ClassVisitor:a::1:double:org.objectweb.asm.Item::3PP
org.objectweb.asm:ClassWriter:public:java.lang.Object:org.objectweb.asm.ClassVisitor:b:private:1:java.lang.String:org.objectweb.asm.Item::3PP
org.objectweb.asm:ClassWriter:public:java.lang.Object:org.objectweb.asm.ClassVisitor:newNameType:public:2:java.lang.String,java.lang.String:int::3PP
org.objectweb.asm:ClassWriter:public:java.lang.Object:org.objectweb.asm.ClassVisitor:a::2:java.lang.String,java.lang.String:org.objectweb.asm.Item::3PP
org.objectweb.asm:ClassWriter:public:java.lang.Object:org.objectweb.asm.ClassVisitor:c::1:java.lang.String:int::3PP
org.objectweb.asm:ClassWriter:public:java.lang.Object:org.objectweb.asm.ClassVisitor:a::2:java.lang.String,int:int::3PP
org.objectweb.asm:ClassWriter:public:java.lang.Object:org.objectweb.asm.ClassVisitor:c:private:1:org.objectweb.asm.Item:org.objectweb.asm.Item::3PP
org.objectweb.asm:ClassWriter:public:java.lang.Object:org.objectweb.asm.ClassVisitor:a::2:int,int:int::3PP
org.objectweb.asm:ClassWriter:public:java.lang.Object:org.objectweb.asm.ClassVisitor:getCommonSuperClass:protected:2:java.lang.String,java.lang.String:java.lang.String::3PP
org.objectweb.asm:ClassWriter:public:java.lang.Object:org.objectweb.asm.ClassVisitor:a:private:1:org.objectweb.asm.Item:org.objectweb.asm.Item::3PP
org.objectweb.asm:ClassWriter:public:java.lang.Object:org.objectweb.asm.ClassVisitor:b:private:1:org.objectweb.asm.Item:void::3PP
org.objectweb.asm:ClassWriter:public:java.lang.Object:org.objectweb.asm.ClassVisitor:a:private:3:int,int,int:void::3PP
org.objectweb.asm:ClassWriter:public:java.lang.Object:org.objectweb.asm.ClassVisitor:<clinit>:static:0::void::3PP
org.objectweb.asm:Edge::java.lang.Object::<init>::0::void::3PP
org.objectweb.asm:FieldVisitor:public,abstract,interface:::visitAnnotation:public,abstract:2:java.lang.String,boolean:org.objectweb.asm.AnnotationVisitor::3PP
org.objectweb.asm:FieldVisitor:public,abstract,interface:::visitAttribute:public,abstract:1:org.objectweb.asm.Attribute:void::3PP
org.objectweb.asm:FieldVisitor:public,abstract,interface:::visitEnd:public,abstract:0::void::3PP
org.objectweb.asm:FieldWriter:final:java.lang.Object:org.objectweb.asm.FieldVisitor:<init>::6:org.objectweb.asm.ClassWriter,int,java.lang.String,java.lang.String,java.lang.String,java.lang.Object:void::3PP
org.objectweb.asm:FieldWriter:final:java.lang.Object:org.objectweb.asm.FieldVisitor:visitAnnotation:public:2:java.lang.String,boolean:org.objectweb.asm.AnnotationVisitor::3PP
org.objectweb.asm:FieldWriter:final:java.lang.Object:org.objectweb.asm.FieldVisitor:visitAttribute:public:1:org.objectweb.asm.Attribute:void::3PP
org.objectweb.asm:FieldWriter:final:java.lang.Object:org.objectweb.asm.FieldVisitor:visitEnd:public:0::void::3PP
org.objectweb.asm:FieldWriter:final:java.lang.Object:org.objectweb.asm.FieldVisitor:a::0::int::3PP
org.objectweb.asm:FieldWriter:final:java.lang.Object:org.objectweb.asm.FieldVisitor:a::1:org.objectweb.asm.ByteVector:void::3PP
org.objectweb.asm:Frame:final:java.lang.Object::<init>::0::void::3PP
org.objectweb.asm:Frame:final:java.lang.Object::a:private:1:int:int::3PP
org.objectweb.asm:Frame:final:java.lang.Object::a:private:2:int,int:void::3PP
org.objectweb.asm:Frame:final:java.lang.Object::b:private:1:int:void::3PP
org.objectweb.asm:Frame:final:java.lang.Object::a:private:2:org.objectweb.asm.ClassWriter,java.lang.String:void::3PP
org.objectweb.asm:Frame:final:java.lang.Object::b:private,static:2:org.objectweb.asm.ClassWriter,java.lang.String:int::3PP
org.objectweb.asm:Frame:final:java.lang.Object::a:private:0::int::3PP
org.objectweb.asm:Frame:final:java.lang.Object::c:private:1:int:void::3PP
org.objectweb.asm:Frame:final:java.lang.Object::a:private:1:java.lang.String:void::3PP
org.objectweb.asm:Frame:final:java.lang.Object::d:private:1:int:void::3PP
org.objectweb.asm:Frame:final:java.lang.Object::a:private:2:org.objectweb.asm.ClassWriter,int:int::3PP
org.objectweb.asm:Frame:final:java.lang.Object::a::4:org.objectweb.asm.ClassWriter,int,org.objectweb.asm.Type[],int:void::3PP
org.objectweb.asm:Frame:final:java.lang.Object::a::4:int,int,org.objectweb.asm.ClassWriter,org.objectweb.asm.Item:void::3PP
org.objectweb.asm:Frame:final:java.lang.Object::a::3:org.objectweb.asm.ClassWriter,org.objectweb.asm.Frame,int:boolean::3PP
org.objectweb.asm:Frame:final:java.lang.Object::a:private,static:4:org.objectweb.asm.ClassWriter,int,int[],int:boolean::3PP
org.objectweb.asm:Frame:final:java.lang.Object::<clinit>:static:0::void::3PP
org.objectweb.asm:Handler::java.lang.Object::<init>::0::void::3PP
org.objectweb.asm:Item:final:java.lang.Object::<init>::0::void::3PP
org.objectweb.asm:Item:final:java.lang.Object::<init>::1:int:void::3PP
org.objectweb.asm:Item:final:java.lang.Object::<init>::2:int,org.objectweb.asm.Item:void::3PP
org.objectweb.asm:Item:final:java.lang.Object::a::1:int:void::3PP
org.objectweb.asm:Item:final:java.lang.Object::a::1:long:void::3PP
org.objectweb.asm:Item:final:java.lang.Object::a::1:float:void::3PP
org.objectweb.asm:Item:final:java.lang.Object::a::1:double:void::3PP
org.objectweb.asm:Item:final:java.lang.Object::a::4:int,java.lang.String,java.lang.String,java.lang.String:void::3PP
org.objectweb.asm:Item:final:java.lang.Object::a::1:org.objectweb.asm.Item:boolean::3PP
org.objectweb.asm:Label:public:java.lang.Object::<init>:public:0::void::3PP
org.objectweb.asm:Label:public:java.lang.Object::getOffset:public:0::int::3PP
org.objectweb.asm:Label:public:java.lang.Object::a::4:org.objectweb.asm.MethodWriter,org.objectweb.asm.ByteVector,int,boolean:void::3PP
org.objectweb.asm:Label:public:java.lang.Object::a:private:2:int,int:void::3PP
org.objectweb.asm:Label:public:java.lang.Object::a::3:org.objectweb.asm.MethodWriter,int,byte[]:boolean::3PP
org.objectweb.asm:Label:public:java.lang.Object::a::0::org.objectweb.asm.Label::3PP
org.objectweb.asm:Label:public:java.lang.Object::a::1:long:boolean::3PP
org.objectweb.asm:Label:public:java.lang.Object::a::1:org.objectweb.asm.Label:boolean::3PP
org.objectweb.asm:Label:public:java.lang.Object::a::2:long,int:void::3PP
org.objectweb.asm:Label:public:java.lang.Object::b::3:org.objectweb.asm.Label,long,int:void::3PP
org.objectweb.asm:Label:public:java.lang.Object::toString:public:0::java.lang.String::3PP
org.objectweb.asm:MethodAdapter:public:java.lang.Object:org.objectweb.asm.MethodVisitor:<init>:public:1:org.objectweb.asm.MethodVisitor:void::3PP
org.objectweb.asm:MethodAdapter:public:java.lang.Object:org.objectweb.asm.MethodVisitor:visitAnnotationDefault:public:0::org.objectweb.asm.AnnotationVisitor::3PP
org.objectweb.asm:MethodAdapter:public:java.lang.Object:org.objectweb.asm.MethodVisitor:visitAnnotation:public:2:java.lang.String,boolean:org.objectweb.asm.AnnotationVisitor::3PP
org.objectweb.asm:MethodAdapter:public:java.lang.Object:org.objectweb.asm.MethodVisitor:visitParameterAnnotation:public:3:int,java.lang.String,boolean:org.objectweb.asm.AnnotationVisitor::3PP
org.objectweb.asm:MethodAdapter:public:java.lang.Object:org.objectweb.asm.MethodVisitor:visitAttribute:public:1:org.objectweb.asm.Attribute:void::3PP
org.objectweb.asm:MethodAdapter:public:java.lang.Object:org.objectweb.asm.MethodVisitor:visitCode:public:0::void::3PP
org.objectweb.asm:MethodAdapter:public:java.lang.Object:org.objectweb.asm.MethodVisitor:visitFrame:public:5:int,int,java.lang.Object[],int,java.lang.Object[]:void::3PP
org.objectweb.asm:MethodAdapter:public:java.lang.Object:org.objectweb.asm.MethodVisitor:visitInsn:public:1:int:void::3PP
org.objectweb.asm:MethodAdapter:public:java.lang.Object:org.objectweb.asm.MethodVisitor:visitIntInsn:public:2:int,int:void::3PP
org.objectweb.asm:MethodAdapter:public:java.lang.Object:org.objectweb.asm.MethodVisitor:visitVarInsn:public:2:int,int:void::3PP
org.objectweb.asm:MethodAdapter:public:java.lang.Object:org.objectweb.asm.MethodVisitor:visitTypeInsn:public:2:int,java.lang.String:void::3PP
org.objectweb.asm:MethodAdapter:public:java.lang.Object:org.objectweb.asm.MethodVisitor:visitFieldInsn:public:4:int,java.lang.String,java.lang.String,java.lang.String:void::3PP
org.objectweb.asm:MethodAdapter:public:java.lang.Object:org.objectweb.asm.MethodVisitor:visitMethodInsn:public:4:int,java.lang.String,java.lang.String,java.lang.String:void::3PP
org.objectweb.asm:MethodAdapter:public:java.lang.Object:org.objectweb.asm.MethodVisitor:visitJumpInsn:public:2:int,org.objectweb.asm.Label:void::3PP
org.objectweb.asm:MethodAdapter:public:java.lang.Object:org.objectweb.asm.MethodVisitor:visitLabel:public:1:org.objectweb.asm.Label:void::3PP
org.objectweb.asm:MethodAdapter:public:java.lang.Object:org.objectweb.asm.MethodVisitor:visitLdcInsn:public:1:java.lang.Object:void::3PP
org.objectweb.asm:MethodAdapter:public:java.lang.Object:org.objectweb.asm.MethodVisitor:visitIincInsn:public:2:int,int:void::3PP
org.objectweb.asm:MethodAdapter:public:java.lang.Object:org.objectweb.asm.MethodVisitor:visitTableSwitchInsn:public:4:int,int,org.objectweb.asm.Label,org.objectweb.asm.Label[]:void::3PP
org.objectweb.asm:MethodAdapter:public:java.lang.Object:org.objectweb.asm.MethodVisitor:visitLookupSwitchInsn:public:3:org.objectweb.asm.Label,int[],org.objectweb.asm.Label[]:void::3PP
org.objectweb.asm:MethodAdapter:public:java.lang.Object:org.objectweb.asm.MethodVisitor:visitMultiANewArrayInsn:public:2:java.lang.String,int:void::3PP
org.objectweb.asm:MethodAdapter:public:java.lang.Object:org.objectweb.asm.MethodVisitor:visitTryCatchBlock:public:4:org.objectweb.asm.Label,org.objectweb.asm.Label,org.objectweb.asm.Label,java.lang.String:void::3PP
org.objectweb.asm:MethodAdapter:public:java.lang.Object:org.objectweb.asm.MethodVisitor:visitLocalVariable:public:6:java.lang.String,java.lang.String,java.lang.String,org.objectweb.asm.Label,org.objectweb.asm.Label,int:void::3PP
org.objectweb.asm:MethodAdapter:public:java.lang.Object:org.objectweb.asm.MethodVisitor:visitLineNumber:public:2:int,org.objectweb.asm.Label:void::3PP
org.objectweb.asm:MethodAdapter:public:java.lang.Object:org.objectweb.asm.MethodVisitor:visitMaxs:public:2:int,int:void::3PP
org.objectweb.asm:MethodAdapter:public:java.lang.Object:org.objectweb.asm.MethodVisitor:visitEnd:public:0::void::3PP
org.objectweb.asm:MethodVisitor:public,abstract,interface:::visitAnnotationDefault:public,abstract:0::org.objectweb.asm.AnnotationVisitor::3PP
org.objectweb.asm:MethodVisitor:public,abstract,interface:::visitAnnotation:public,abstract:2:java.lang.String,boolean:org.objectweb.asm.AnnotationVisitor::3PP
org.objectweb.asm:MethodVisitor:public,abstract,interface:::visitParameterAnnotation:public,abstract:3:int,java.lang.String,boolean:org.objectweb.asm.AnnotationVisitor::3PP
org.objectweb.asm:MethodVisitor:public,abstract,interface:::visitAttribute:public,abstract:1:org.objectweb.asm.Attribute:void::3PP
org.objectweb.asm:MethodVisitor:public,abstract,interface:::visitCode:public,abstract:0::void::3PP
org.objectweb.asm:MethodVisitor:public,abstract,interface:::visitFrame:public,abstract:5:int,int,java.lang.Object[],int,java.lang.Object[]:void::3PP
org.objectweb.asm:MethodVisitor:public,abstract,interface:::visitInsn:public,abstract:1:int:void::3PP
org.objectweb.asm:MethodVisitor:public,abstract,interface:::visitIntInsn:public,abstract:2:int,int:void::3PP
org.objectweb.asm:MethodVisitor:public,abstract,interface:::visitVarInsn:public,abstract:2:int,int:void::3PP
org.objectweb.asm:MethodVisitor:public,abstract,interface:::visitTypeInsn:public,abstract:2:int,java.lang.String:void::3PP
org.objectweb.asm:MethodVisitor:public,abstract,interface:::visitFieldInsn:public,abstract:4:int,java.lang.String,java.lang.String,java.lang.String:void::3PP
org.objectweb.asm:MethodVisitor:public,abstract,interface:::visitMethodInsn:public,abstract:4:int,java.lang.String,java.lang.String,java.lang.String:void::3PP
org.objectweb.asm:MethodVisitor:public,abstract,interface:::visitJumpInsn:public,abstract:2:int,org.objectweb.asm.Label:void::3PP
org.objectweb.asm:MethodVisitor:public,abstract,interface:::visitLabel:public,abstract:1:org.objectweb.asm.Label:void::3PP
org.objectweb.asm:MethodVisitor:public,abstract,interface:::visitLdcInsn:public,abstract:1:java.lang.Object:void::3PP
org.objectweb.asm:MethodVisitor:public,abstract,interface:::visitIincInsn:public,abstract:2:int,int:void::3PP
org.objectweb.asm:MethodVisitor:public,abstract,interface:::visitTableSwitchInsn:public,abstract:4:int,int,org.objectweb.asm.Label,org.objectweb.asm.Label[]:void::3PP
org.objectweb.asm:MethodVisitor:public,abstract,interface:::visitLookupSwitchInsn:public,abstract:3:org.objectweb.asm.Label,int[],org.objectweb.asm.Label[]:void::3PP
org.objectweb.asm:MethodVisitor:public,abstract,interface:::visitMultiANewArrayInsn:public,abstract:2:java.lang.String,int:void::3PP
org.objectweb.asm:MethodVisitor:public,abstract,interface:::visitTryCatchBlock:public,abstract:4:org.objectweb.asm.Label,org.objectweb.asm.Label,org.objectweb.asm.Label,java.lang.String:void::3PP
org.objectweb.asm:MethodVisitor:public,abstract,interface:::visitLocalVariable:public,abstract:6:java.lang.String,java.lang.String,java.lang.String,org.objectweb.asm.Label,org.objectweb.asm.Label,int:void::3PP
org.objectweb.asm:MethodVisitor:public,abstract,interface:::visitLineNumber:public,abstract:2:int,org.objectweb.asm.Label:void::3PP
org.objectweb.asm:MethodVisitor:public,abstract,interface:::visitMaxs:public,abstract:2:int,int:void::3PP
org.objectweb.asm:MethodVisitor:public,abstract,interface:::visitEnd:public,abstract:0::void::3PP
org.objectweb.asm:MethodWriter::java.lang.Object:org.objectweb.asm.MethodVisitor:<init>::8:org.objectweb.asm.ClassWriter,int,java.lang.String,java.lang.String,java.lang.String,java.lang.String[],boolean,boolean:void::3PP
org.objectweb.asm:MethodWriter::java.lang.Object:org.objectweb.asm.MethodVisitor:visitAnnotationDefault:public:0::org.objectweb.asm.AnnotationVisitor::3PP
org.objectweb.asm:MethodWriter::java.lang.Object:org.objectweb.asm.MethodVisitor:visitAnnotation:public:2:java.lang.String,boolean:org.objectweb.asm.AnnotationVisitor::3PP
org.objectweb.asm:MethodWriter::java.lang.Object:org.objectweb.asm.MethodVisitor:visitParameterAnnotation:public:3:int,java.lang.String,boolean:org.objectweb.asm.AnnotationVisitor::3PP
org.objectweb.asm:MethodWriter::java.lang.Object:org.objectweb.asm.MethodVisitor:visitAttribute:public:1:org.objectweb.asm.Attribute:void::3PP
org.objectweb.asm:MethodWriter::java.lang.Object:org.objectweb.asm.MethodVisitor:visitCode:public:0::void::3PP
org.objectweb.asm:MethodWriter::java.lang.Object:org.objectweb.asm.MethodVisitor:visitFrame:public:5:int,int,java.lang.Object[],int,java.lang.Object[]:void::3PP
org.objectweb.asm:MethodWriter::java.lang.Object:org.objectweb.asm.MethodVisitor:visitInsn:public:1:int:void::3PP
org.objectweb.asm:MethodWriter::java.lang.Object:org.objectweb.asm.MethodVisitor:visitIntInsn:public:2:int,int:void::3PP
org.objectweb.asm:MethodWriter::java.lang.Object:org.objectweb.asm.MethodVisitor:visitVarInsn:public:2:int,int:void::3PP
org.objectweb.asm:MethodWriter::java.lang.Object:org.objectweb.asm.MethodVisitor:visitTypeInsn:public:2:int,java.lang.String:void::3PP
org.objectweb.asm:MethodWriter::java.lang.Object:org.objectweb.asm.MethodVisitor:visitFieldInsn:public:4:int,java.lang.String,java.lang.String,java.lang.String:void::3PP
org.objectweb.asm:MethodWriter::java.lang.Object:org.objectweb.asm.MethodVisitor:visitMethodInsn:public:4:int,java.lang.String,java.lang.String,java.lang.String:void::3PP
org.objectweb.asm:MethodWriter::java.lang.Object:org.objectweb.asm.MethodVisitor:visitJumpInsn:public:2:int,org.objectweb.asm.Label:void::3PP
org.objectweb.asm:MethodWriter::java.lang.Object:org.objectweb.asm.MethodVisitor:visitLabel:public:1:org.objectweb.asm.Label:void::3PP
org.objectweb.asm:MethodWriter::java.lang.Object:org.objectweb.asm.MethodVisitor:visitLdcInsn:public:1:java.lang.Object:void::3PP
org.objectweb.asm:MethodWriter::java.lang.Object:org.objectweb.asm.MethodVisitor:visitIincInsn:public:2:int,int:void::3PP
org.objectweb.asm:MethodWriter::java.lang.Object:org.objectweb.asm.MethodVisitor:visitTableSwitchInsn:public:4:int,int,org.objectweb.asm.Label,org.objectweb.asm.Label[]:void::3PP
org.objectweb.asm:MethodWriter::java.lang.Object:org.objectweb.asm.MethodVisitor:visitLookupSwitchInsn:public:3:org.objectweb.asm.Label,int[],org.objectweb.asm.Label[]:void::3PP
org.objectweb.asm:MethodWriter::java.lang.Object:org.objectweb.asm.MethodVisitor:a:private:2:org.objectweb.asm.Label,org.objectweb.asm.Label[]:void::3PP
org.objectweb.asm:MethodWriter::java.lang.Object:org.objectweb.asm.MethodVisitor:visitMultiANewArrayInsn:public:2:java.lang.String,int:void::3PP
org.objectweb.asm:MethodWriter::java.lang.Object:org.objectweb.asm.MethodVisitor:visitTryCatchBlock:public:4:org.objectweb.asm.Label,org.objectweb.asm.Label,org.objectweb.asm.Label,java.lang.String:void::3PP
org.objectweb.asm:MethodWriter::java.lang.Object:org.objectweb.asm.MethodVisitor:visitLocalVariable:public:6:java.lang.String,java.lang.String,java.lang.String,org.objectweb.asm.Label,org.objectweb.asm.Label,int:void::3PP
org.objectweb.asm:MethodWriter::java.lang.Object:org.objectweb.asm.MethodVisitor:visitLineNumber:public:2:int,org.objectweb.asm.Label:void::3PP
org.objectweb.asm:MethodWriter::java.lang.Object:org.objectweb.asm.MethodVisitor:visitMaxs:public:2:int,int:void::3PP
org.objectweb.asm:MethodWriter::java.lang.Object:org.objectweb.asm.MethodVisitor:visitEnd:public:0::void::3PP
org.objectweb.asm:MethodWriter::java.lang.Object:org.objectweb.asm.MethodVisitor:a:private:2:int,org.objectweb.asm.Label:void::3PP
org.objectweb.asm:MethodWriter::java.lang.Object:org.objectweb.asm.MethodVisitor:e:private:0::void::3PP
org.objectweb.asm:MethodWriter::java.lang.Object:org.objectweb.asm.MethodVisitor:b:private:1:org.objectweb.asm.Frame:void::3PP
org.objectweb.asm:MethodWriter::java.lang.Object:org.objectweb.asm.MethodVisitor:a:private:3:int,int,int:void::3PP
org.objectweb.asm:MethodWriter::java.lang.Object:org.objectweb.asm.MethodVisitor:b:private:0::void::3PP
org.objectweb.asm:MethodWriter::java.lang.Object:org.objectweb.asm.MethodVisitor:c:private:0::void::3PP
org.objectweb.asm:MethodWriter::java.lang.Object:org.objectweb.asm.MethodVisitor:a:private:2:int,int:void::3PP
org.objectweb.asm:MethodWriter::java.lang.Object:org.objectweb.asm.MethodVisitor:a:private:1:java.lang.Object:void::3PP
org.objectweb.asm:MethodWriter::java.lang.Object:org.objectweb.asm.MethodVisitor:a:final:0::int::3PP
org.objectweb.asm:MethodWriter::java.lang.Object:org.objectweb.asm.MethodVisitor:a:final:1:org.objectweb.asm.ByteVector:void::3PP
org.objectweb.asm:MethodWriter::java.lang.Object:org.objectweb.asm.MethodVisitor:d:private:0::void::3PP
org.objectweb.asm:MethodWriter::java.lang.Object:org.objectweb.asm.MethodVisitor:c:static:2:byte[],int:int::3PP
org.objectweb.asm:MethodWriter::java.lang.Object:org.objectweb.asm.MethodVisitor:b:static:2:byte[],int:short::3PP
org.objectweb.asm:MethodWriter::java.lang.Object:org.objectweb.asm.MethodVisitor:a:static:2:byte[],int:int::3PP
org.objectweb.asm:MethodWriter::java.lang.Object:org.objectweb.asm.MethodVisitor:a:static:3:byte[],int,int:void::3PP
org.objectweb.asm:MethodWriter::java.lang.Object:org.objectweb.asm.MethodVisitor:a:static:4:int[],int[],int,int:int::3PP
org.objectweb.asm:MethodWriter::java.lang.Object:org.objectweb.asm.MethodVisitor:a:static:3:int[],int[],org.objectweb.asm.Label:void::3PP
org.objectweb.asm:Opcodes:public,abstract,interface:::<clinit>:static:0::void::3PP
org.objectweb.asm:Type:public:java.lang.Object::<init>:private:1:int:void::3PP
org.objectweb.asm:Type:public:java.lang.Object::<init>:private:4:int,char[],int,int:void::3PP
org.objectweb.asm:Type:public:java.lang.Object::getType:public,static:1:java.lang.String:org.objectweb.asm.Type::3PP
org.objectweb.asm:Type:public:java.lang.Object::getObjectType:public,static:1:java.lang.String:org.objectweb.asm.Type::3PP
org.objectweb.asm:Type:public:java.lang.Object::getType:public,static:1:java.lang.Class:org.objectweb.asm.Type::3PP
org.objectweb.asm:Type:public:java.lang.Object::getArgumentTypes:public,static:1:java.lang.String:org.objectweb.asm.Type[]::3PP
org.objectweb.asm:Type:public:java.lang.Object::getArgumentTypes:public,static:1:java.lang.reflect.Method:org.objectweb.asm.Type[]::3PP
org.objectweb.asm:Type:public:java.lang.Object::getReturnType:public,static:1:java.lang.String:org.objectweb.asm.Type::3PP
org.objectweb.asm:Type:public:java.lang.Object::getReturnType:public,static:1:java.lang.reflect.Method:org.objectweb.asm.Type::3PP
org.objectweb.asm:Type:public:java.lang.Object::getArgumentsAndReturnSizes:public,static:1:java.lang.String:int::3PP
org.objectweb.asm:Type:public:java.lang.Object::a:private,static:2:char[],int:org.objectweb.asm.Type::3PP
org.objectweb.asm:Type:public:java.lang.Object::getSort:public:0::int::3PP
org.objectweb.asm:Type:public:java.lang.Object::getDimensions:public:0::int::3PP
org.objectweb.asm:Type:public:java.lang.Object::getElementType:public:0::org.objectweb.asm.Type::3PP
org.objectweb.asm:Type:public:java.lang.Object::getClassName:public:0::java.lang.String::3PP
org.objectweb.asm:Type:public:java.lang.Object::getInternalName:public:0::java.lang.String::3PP
org.objectweb.asm:Type:public:java.lang.Object::getDescriptor:public:0::java.lang.String::3PP
org.objectweb.asm:Type:public:java.lang.Object::getMethodDescriptor:public,static:2:org.objectweb.asm.Type,org.objectweb.asm.Type[]:java.lang.String::3PP
org.objectweb.asm:Type:public:java.lang.Object::a:private:1:java.lang.StringBuffer:void::3PP
org.objectweb.asm:Type:public:java.lang.Object::getInternalName:public,static:1:java.lang.Class:java.lang.String::3PP
org.objectweb.asm:Type:public:java.lang.Object::getDescriptor:public,static:1:java.lang.Class:java.lang.String::3PP
org.objectweb.asm:Type:public:java.lang.Object::getConstructorDescriptor:public,static:1:java.lang.reflect.Constructor:java.lang.String::3PP
org.objectweb.asm:Type:public:java.lang.Object::getMethodDescriptor:public,static:1:java.lang.reflect.Method:java.lang.String::3PP
org.objectweb.asm:Type:public:java.lang.Object::a:private,static:2:java.lang.StringBuffer,java.lang.Class:void::3PP
org.objectweb.asm:Type:public:java.lang.Object::getSize:public:0::int::3PP
org.objectweb.asm:Type:public:java.lang.Object::getOpcode:public:1:int:int::3PP
org.objectweb.asm:Type:public:java.lang.Object::equals:public:1:java.lang.Object:boolean::3PP
org.objectweb.asm:Type:public:java.lang.Object::hashCode:public:0::int::3PP
org.objectweb.asm:Type:public:java.lang.Object::toString:public:0::java.lang.String::3PP
org.objectweb.asm:Type:public:java.lang.Object::<clinit>:static:0::void::3PP
org.objectweb.asm.signature:SignatureReader:public:java.lang.Object::<init>:public:1:java.lang.String:void::3PP
org.objectweb.asm.signature:SignatureReader:public:java.lang.Object::accept:public:1:org.objectweb.asm.signature.SignatureVisitor:void::3PP
org.objectweb.asm.signature:SignatureReader:public:java.lang.Object::acceptType:public:1:org.objectweb.asm.signature.SignatureVisitor:void::3PP
org.objectweb.asm.signature:SignatureReader:public:java.lang.Object::a:private,static:3:java.lang.String,int,org.objectweb.asm.signature.SignatureVisitor:int::3PP
org.objectweb.asm.signature:SignatureVisitor:public,abstract,interface:::visitFormalTypeParameter:public,abstract:1:java.lang.String:void::3PP
org.objectweb.asm.signature:SignatureVisitor:public,abstract,interface:::visitClassBound:public,abstract:0::org.objectweb.asm.signature.SignatureVisitor::3PP
org.objectweb.asm.signature:SignatureVisitor:public,abstract,interface:::visitInterfaceBound:public,abstract:0::org.objectweb.asm.signature.SignatureVisitor::3PP
org.objectweb.asm.signature:SignatureVisitor:public,abstract,interface:::visitSuperclass:public,abstract:0::org.objectweb.asm.signature.SignatureVisitor::3PP
org.objectweb.asm.signature:SignatureVisitor:public,abstract,interface:::visitInterface:public,abstract:0::org.objectweb.asm.signature.SignatureVisitor::3PP
org.objectweb.asm.signature:SignatureVisitor:public,abstract,interface:::visitParameterType:public,abstract:0::org.objectweb.asm.signature.SignatureVisitor::3PP
org.objectweb.asm.signature:SignatureVisitor:public,abstract,interface:::visitReturnType:public,abstract:0::org.objectweb.asm.signature.SignatureVisitor::3PP
org.objectweb.asm.signature:SignatureVisitor:public,abstract,interface:::visitExceptionType:public,abstract:0::org.objectweb.asm.signature.SignatureVisitor::3PP
org.objectweb.asm.signature:SignatureVisitor:public,abstract,interface:::visitBaseType:public,abstract:1:char:void::3PP
org.objectweb.asm.signature:SignatureVisitor:public,abstract,interface:::visitTypeVariable:public,abstract:1:java.lang.String:void::3PP
org.objectweb.asm.signature:SignatureVisitor:public,abstract,interface:::visitArrayType:public,abstract:0::org.objectweb.asm.signature.SignatureVisitor::3PP
org.objectweb.asm.signature:SignatureVisitor:public,abstract,interface:::visitClassType:public,abstract:1:java.lang.String:void::3PP
org.objectweb.asm.signature:SignatureVisitor:public,abstract,interface:::visitInnerClassType:public,abstract:1:java.lang.String:void::3PP
org.objectweb.asm.signature:SignatureVisitor:public,abstract,interface:::visitTypeArgument:public,abstract:0::void::3PP
org.objectweb.asm.signature:SignatureVisitor:public,abstract,interface:::visitTypeArgument:public,abstract:1:char:org.objectweb.asm.signature.SignatureVisitor::3PP
org.objectweb.asm.signature:SignatureVisitor:public,abstract,interface:::visitEnd:public,abstract:0::void::3PP
org.objectweb.asm.signature:SignatureWriter:public:java.lang.Object:org.objectweb.asm.signature.SignatureVisitor:<init>:public:0::void::3PP
org.objectweb.asm.signature:SignatureWriter:public:java.lang.Object:org.objectweb.asm.signature.SignatureVisitor:visitFormalTypeParameter:public:1:java.lang.String:void::3PP
org.objectweb.asm.signature:SignatureWriter:public:java.lang.Object:org.objectweb.asm.signature.SignatureVisitor:visitClassBound:public:0::org.objectweb.asm.signature.SignatureVisitor::3PP
org.objectweb.asm.signature:SignatureWriter:public:java.lang.Object:org.objectweb.asm.signature.SignatureVisitor:visitInterfaceBound:public:0::org.objectweb.asm.signature.SignatureVisitor::3PP
org.objectweb.asm.signature:SignatureWriter:public:java.lang.Object:org.objectweb.asm.signature.SignatureVisitor:visitSuperclass:public:0::org.objectweb.asm.signature.SignatureVisitor::3PP
org.objectweb.asm.signature:SignatureWriter:public:java.lang.Object:org.objectweb.asm.signature.SignatureVisitor:visitInterface:public:0::org.objectweb.asm.signature.SignatureVisitor::3PP
org.objectweb.asm.signature:SignatureWriter:public:java.lang.Object:org.objectweb.asm.signature.SignatureVisitor:visitParameterType:public:0::org.objectweb.asm.signature.SignatureVisitor::3PP
org.objectweb.asm.signature:SignatureWriter:public:java.lang.Object:org.objectweb.asm.signature.SignatureVisitor:visitReturnType:public:0::org.objectweb.asm.signature.SignatureVisitor::3PP
org.objectweb.asm.signature:SignatureWriter:public:java.lang.Object:org.objectweb.asm.signature.SignatureVisitor:visitExceptionType:public:0::org.objectweb.asm.signature.SignatureVisitor::3PP
org.objectweb.asm.signature:SignatureWriter:public:java.lang.Object:org.objectweb.asm.signature.SignatureVisitor:visitBaseType:public:1:char:void::3PP
org.objectweb.asm.signature:SignatureWriter:public:java.lang.Object:org.objectweb.asm.signature.SignatureVisitor:visitTypeVariable:public:1:java.lang.String:void::3PP
org.objectweb.asm.signature:SignatureWriter:public:java.lang.Object:org.objectweb.asm.signature.SignatureVisitor:visitArrayType:public:0::org.objectweb.asm.signature.SignatureVisitor::3PP
org.objectweb.asm.signature:SignatureWriter:public:java.lang.Object:org.objectweb.asm.signature.SignatureVisitor:visitClassType:public:1:java.lang.String:void::3PP
org.objectweb.asm.signature:SignatureWriter:public:java.lang.Object:org.objectweb.asm.signature.SignatureVisitor:visitInnerClassType:public:1:java.lang.String:void::3PP
org.objectweb.asm.signature:SignatureWriter:public:java.lang.Object:org.objectweb.asm.signature.SignatureVisitor:visitTypeArgument:public:0::void::3PP
org.objectweb.asm.signature:SignatureWriter:public:java.lang.Object:org.objectweb.asm.signature.SignatureVisitor:visitTypeArgument:public:1:char:org.objectweb.asm.signature.SignatureVisitor::3PP
org.objectweb.asm.signature:SignatureWriter:public:java.lang.Object:org.objectweb.asm.signature.SignatureVisitor:visitEnd:public:0::void::3PP
org.objectweb.asm.signature:SignatureWriter:public:java.lang.Object:org.objectweb.asm.signature.SignatureVisitor:toString:public:0::java.lang.String::3PP
org.objectweb.asm.signature:SignatureWriter:public:java.lang.Object:org.objectweb.asm.signature.SignatureVisitor:a:private:0::void::3PP
org.objectweb.asm.signature:SignatureWriter:public:java.lang.Object:org.objectweb.asm.signature.SignatureVisitor:b:private:0::void::3PP
