ch.obermuhlner.math.big:BigComplex:public,final:java.lang.Object::<init>:private:2:java.math.BigDecimal,java.math.BigDecimal:void::3PP
ch.obermuhlner.math.big:BigComplex:public,final:java.lang.Object::add:public:1:ch.obermuhlner.math.big.BigComplex:ch.obermuhlner.math.big.BigComplex::3PP
ch.obermuhlner.math.big:BigComplex:public,final:java.lang.Object::add:public:2:ch.obermuhlner.math.big.BigComplex,java.math.MathContext:ch.obermuhlner.math.big.BigComplex::3PP
ch.obermuhlner.math.big:BigComplex:public,final:java.lang.Object::add:public:2:java.math.BigDecimal,java.math.MathContext:ch.obermuhlner.math.big.BigComplex::3PP
ch.obermuhlner.math.big:BigComplex:public,final:java.lang.Object::add:public:1:java.math.BigDecimal:ch.obermuhlner.math.big.BigComplex::3PP
ch.obermuhlner.math.big:BigComplex:public,final:java.lang.Object::add:public:1:double:ch.obermuhlner.math.big.BigComplex::3PP
ch.obermuhlner.math.big:BigComplex:public,final:java.lang.Object::subtract:public:1:ch.obermuhlner.math.big.BigComplex:ch.obermuhlner.math.big.BigComplex::3PP
ch.obermuhlner.math.big:BigComplex:public,final:java.lang.Object::subtract:public:2:ch.obermuhlner.math.big.BigComplex,java.math.MathContext:ch.obermuhlner.math.big.BigComplex::3PP
ch.obermuhlner.math.big:BigComplex:public,final:java.lang.Object::subtract:public:2:java.math.BigDecimal,java.math.MathContext:ch.obermuhlner.math.big.BigComplex::3PP
ch.obermuhlner.math.big:BigComplex:public,final:java.lang.Object::subtract:public:1:java.math.BigDecimal:ch.obermuhlner.math.big.BigComplex::3PP
ch.obermuhlner.math.big:BigComplex:public,final:java.lang.Object::subtract:public:1:double:ch.obermuhlner.math.big.BigComplex::3PP
ch.obermuhlner.math.big:BigComplex:public,final:java.lang.Object::multiply:public:1:ch.obermuhlner.math.big.BigComplex:ch.obermuhlner.math.big.BigComplex::3PP
ch.obermuhlner.math.big:BigComplex:public,final:java.lang.Object::multiply:public:2:ch.obermuhlner.math.big.BigComplex,java.math.MathContext:ch.obermuhlner.math.big.BigComplex::3PP
ch.obermuhlner.math.big:BigComplex:public,final:java.lang.Object::multiply:public:2:java.math.BigDecimal,java.math.MathContext:ch.obermuhlner.math.big.BigComplex::3PP
ch.obermuhlner.math.big:BigComplex:public,final:java.lang.Object::multiply:public:1:java.math.BigDecimal:ch.obermuhlner.math.big.BigComplex::3PP
ch.obermuhlner.math.big:BigComplex:public,final:java.lang.Object::multiply:public:1:double:ch.obermuhlner.math.big.BigComplex::3PP
ch.obermuhlner.math.big:BigComplex:public,final:java.lang.Object::divide:public:2:ch.obermuhlner.math.big.BigComplex,java.math.MathContext:ch.obermuhlner.math.big.BigComplex::3PP
ch.obermuhlner.math.big:BigComplex:public,final:java.lang.Object::divide:public:2:java.math.BigDecimal,java.math.MathContext:ch.obermuhlner.math.big.BigComplex::3PP
ch.obermuhlner.math.big:BigComplex:public,final:java.lang.Object::divide:public:2:double,java.math.MathContext:ch.obermuhlner.math.big.BigComplex::3PP
ch.obermuhlner.math.big:BigComplex:public,final:java.lang.Object::reciprocal:public:1:java.math.MathContext:ch.obermuhlner.math.big.BigComplex::3PP
ch.obermuhlner.math.big:BigComplex:public,final:java.lang.Object::conjugate:public:0::ch.obermuhlner.math.big.BigComplex::3PP
ch.obermuhlner.math.big:BigComplex:public,final:java.lang.Object::negate:public:0::ch.obermuhlner.math.big.BigComplex::3PP
ch.obermuhlner.math.big:BigComplex:public,final:java.lang.Object::abs:public:1:java.math.MathContext:java.math.BigDecimal::3PP
ch.obermuhlner.math.big:BigComplex:public,final:java.lang.Object::angle:public:1:java.math.MathContext:java.math.BigDecimal::3PP
ch.obermuhlner.math.big:BigComplex:public,final:java.lang.Object::absSquare:public:1:java.math.MathContext:java.math.BigDecimal::3PP
ch.obermuhlner.math.big:BigComplex:public,final:java.lang.Object::isReal:public:0::boolean::3PP
ch.obermuhlner.math.big:BigComplex:public,final:java.lang.Object::re:public:0::ch.obermuhlner.math.big.BigComplex::3PP
ch.obermuhlner.math.big:BigComplex:public,final:java.lang.Object::im:public:0::ch.obermuhlner.math.big.BigComplex::3PP
ch.obermuhlner.math.big:BigComplex:public,final:java.lang.Object::round:public:1:java.math.MathContext:ch.obermuhlner.math.big.BigComplex::3PP
ch.obermuhlner.math.big:BigComplex:public,final:java.lang.Object::hashCode:public:0::int::3PP
ch.obermuhlner.math.big:BigComplex:public,final:java.lang.Object::equals:public:1:java.lang.Object:boolean::3PP
ch.obermuhlner.math.big:BigComplex:public,final:java.lang.Object::strictEquals:public:1:java.lang.Object:boolean::3PP
ch.obermuhlner.math.big:BigComplex:public,final:java.lang.Object::toString:public:0::java.lang.String::3PP
ch.obermuhlner.math.big:BigComplex:public,final:java.lang.Object::valueOf:public,static:1:java.math.BigDecimal:ch.obermuhlner.math.big.BigComplex::3PP
ch.obermuhlner.math.big:BigComplex:public,final:java.lang.Object::valueOf:public,static:1:double:ch.obermuhlner.math.big.BigComplex::3PP
ch.obermuhlner.math.big:BigComplex:public,final:java.lang.Object::valueOf:public,static:2:double,double:ch.obermuhlner.math.big.BigComplex::3PP
ch.obermuhlner.math.big:BigComplex:public,final:java.lang.Object::valueOf:public,static:2:java.math.BigDecimal,java.math.BigDecimal:ch.obermuhlner.math.big.BigComplex::3PP
ch.obermuhlner.math.big:BigComplex:public,final:java.lang.Object::valueOfPolar:public,static:3:java.math.BigDecimal,java.math.BigDecimal,java.math.MathContext:ch.obermuhlner.math.big.BigComplex::3PP
ch.obermuhlner.math.big:BigComplex:public,final:java.lang.Object::valueOfPolar:public,static:3:double,double,java.math.MathContext:ch.obermuhlner.math.big.BigComplex::3PP
ch.obermuhlner.math.big:BigComplex:public,final:java.lang.Object::<clinit>:static:0::void::3PP
ch.obermuhlner.math.big:BigComplexMath:public:java.lang.Object::<init>:public:0::void::3PP
ch.obermuhlner.math.big:BigComplexMath:public:java.lang.Object::reciprocal:public,static:2:ch.obermuhlner.math.big.BigComplex,java.math.MathContext:ch.obermuhlner.math.big.BigComplex::3PP
ch.obermuhlner.math.big:BigComplexMath:public:java.lang.Object::conjugate:public,static:1:ch.obermuhlner.math.big.BigComplex:ch.obermuhlner.math.big.BigComplex::3PP
ch.obermuhlner.math.big:BigComplexMath:public:java.lang.Object::abs:public,static:2:ch.obermuhlner.math.big.BigComplex,java.math.MathContext:java.math.BigDecimal::3PP
ch.obermuhlner.math.big:BigComplexMath:public:java.lang.Object::absSquare:public,static:2:ch.obermuhlner.math.big.BigComplex,java.math.MathContext:java.math.BigDecimal::3PP
ch.obermuhlner.math.big:BigComplexMath:public:java.lang.Object::angle:public,static:2:ch.obermuhlner.math.big.BigComplex,java.math.MathContext:java.math.BigDecimal::3PP
ch.obermuhlner.math.big:BigComplexMath:public:java.lang.Object::exp:public,static:2:ch.obermuhlner.math.big.BigComplex,java.math.MathContext:ch.obermuhlner.math.big.BigComplex::3PP
ch.obermuhlner.math.big:BigComplexMath:public:java.lang.Object::sin:public,static:2:ch.obermuhlner.math.big.BigComplex,java.math.MathContext:ch.obermuhlner.math.big.BigComplex::3PP
ch.obermuhlner.math.big:BigComplexMath:public:java.lang.Object::cos:public,static:2:ch.obermuhlner.math.big.BigComplex,java.math.MathContext:ch.obermuhlner.math.big.BigComplex::3PP
ch.obermuhlner.math.big:BigComplexMath:public:java.lang.Object::tan:public,static:2:ch.obermuhlner.math.big.BigComplex,java.math.MathContext:ch.obermuhlner.math.big.BigComplex::3PP
ch.obermuhlner.math.big:BigComplexMath:public:java.lang.Object::atan:public,static:2:ch.obermuhlner.math.big.BigComplex,java.math.MathContext:ch.obermuhlner.math.big.BigComplex::3PP
ch.obermuhlner.math.big:BigComplexMath:public:java.lang.Object::acot:public,static:2:ch.obermuhlner.math.big.BigComplex,java.math.MathContext:ch.obermuhlner.math.big.BigComplex::3PP
ch.obermuhlner.math.big:BigComplexMath:public:java.lang.Object::asin:public,static:2:ch.obermuhlner.math.big.BigComplex,java.math.MathContext:ch.obermuhlner.math.big.BigComplex::3PP
ch.obermuhlner.math.big:BigComplexMath:public:java.lang.Object::acos:public,static:2:ch.obermuhlner.math.big.BigComplex,java.math.MathContext:ch.obermuhlner.math.big.BigComplex::3PP
ch.obermuhlner.math.big:BigComplexMath:public:java.lang.Object::sqrt:public,static:2:ch.obermuhlner.math.big.BigComplex,java.math.MathContext:ch.obermuhlner.math.big.BigComplex::3PP
ch.obermuhlner.math.big:BigComplexMath:public:java.lang.Object::log:public,static:2:ch.obermuhlner.math.big.BigComplex,java.math.MathContext:ch.obermuhlner.math.big.BigComplex::3PP
ch.obermuhlner.math.big:BigComplexMath:public:java.lang.Object::pow:public,static:3:ch.obermuhlner.math.big.BigComplex,long,java.math.MathContext:ch.obermuhlner.math.big.BigComplex::3PP
ch.obermuhlner.math.big:BigComplexMath:public:java.lang.Object::pow:public,static:3:ch.obermuhlner.math.big.BigComplex,java.math.BigDecimal,java.math.MathContext:ch.obermuhlner.math.big.BigComplex::3PP
ch.obermuhlner.math.big:BigComplexMath:public:java.lang.Object::pow:public,static:3:ch.obermuhlner.math.big.BigComplex,ch.obermuhlner.math.big.BigComplex,java.math.MathContext:ch.obermuhlner.math.big.BigComplex::3PP
ch.obermuhlner.math.big:BigComplexMath:public:java.lang.Object::root:public,static:3:ch.obermuhlner.math.big.BigComplex,java.math.BigDecimal,java.math.MathContext:ch.obermuhlner.math.big.BigComplex::3PP
ch.obermuhlner.math.big:BigComplexMath:public:java.lang.Object::root:public,static:3:ch.obermuhlner.math.big.BigComplex,ch.obermuhlner.math.big.BigComplex,java.math.MathContext:ch.obermuhlner.math.big.BigComplex::3PP
ch.obermuhlner.math.big:BigComplexMath:public:java.lang.Object::toRangePi:private,static:2:java.math.BigDecimal,java.math.MathContext:java.math.BigDecimal::3PP
ch.obermuhlner.math.big:BigComplexMath:public:java.lang.Object::<clinit>:static:0::void::3PP
ch.obermuhlner.math.big:BigDecimalMath:public:java.lang.Object::<init>:private:0::void::3PP
ch.obermuhlner.math.big:BigDecimalMath:public:java.lang.Object::isIntValue:public,static:1:java.math.BigDecimal:boolean::3PP
ch.obermuhlner.math.big:BigDecimalMath:public:java.lang.Object::isLongValue:public,static:1:java.math.BigDecimal:boolean::3PP
ch.obermuhlner.math.big:BigDecimalMath:public:java.lang.Object::isDoubleValue:public,static:1:java.math.BigDecimal:boolean::3PP
ch.obermuhlner.math.big:BigDecimalMath:public:java.lang.Object::mantissa:public,static:1:java.math.BigDecimal:java.math.BigDecimal::3PP
ch.obermuhlner.math.big:BigDecimalMath:public:java.lang.Object::exponent:public,static:1:java.math.BigDecimal:int::3PP
ch.obermuhlner.math.big:BigDecimalMath:public:java.lang.Object::integralPart:public,static:1:java.math.BigDecimal:java.math.BigDecimal::3PP
ch.obermuhlner.math.big:BigDecimalMath:public:java.lang.Object::fractionalPart:public,static:1:java.math.BigDecimal:java.math.BigDecimal::3PP
ch.obermuhlner.math.big:BigDecimalMath:public:java.lang.Object::factorial:public,static:1:int:java.math.BigDecimal::3PP
ch.obermuhlner.math.big:BigDecimalMath:public:java.lang.Object::bernoulli:public,static:2:int,java.math.MathContext:java.math.BigDecimal::3PP
ch.obermuhlner.math.big:BigDecimalMath:public:java.lang.Object::pow:public,static:3:java.math.BigDecimal,java.math.BigDecimal,java.math.MathContext:java.math.BigDecimal::3PP
ch.obermuhlner.math.big:BigDecimalMath:public:java.lang.Object::pow:public,static:3:java.math.BigDecimal,long,java.math.MathContext:java.math.BigDecimal::3PP
ch.obermuhlner.math.big:BigDecimalMath:public:java.lang.Object::powInteger:private,static:3:java.math.BigDecimal,java.math.BigDecimal,java.math.MathContext:java.math.BigDecimal::3PP
ch.obermuhlner.math.big:BigDecimalMath:public:java.lang.Object::sqrt:public,static:2:java.math.BigDecimal,java.math.MathContext:java.math.BigDecimal::3PP
ch.obermuhlner.math.big:BigDecimalMath:public:java.lang.Object::root:public,static:3:java.math.BigDecimal,java.math.BigDecimal,java.math.MathContext:java.math.BigDecimal::3PP
ch.obermuhlner.math.big:BigDecimalMath:public:java.lang.Object::log:public,static:2:java.math.BigDecimal,java.math.MathContext:java.math.BigDecimal::3PP
ch.obermuhlner.math.big:BigDecimalMath:public:java.lang.Object::log2:public,static:2:java.math.BigDecimal,java.math.MathContext:java.math.BigDecimal::3PP
ch.obermuhlner.math.big:BigDecimalMath:public:java.lang.Object::log10:public,static:2:java.math.BigDecimal,java.math.MathContext:java.math.BigDecimal::3PP
ch.obermuhlner.math.big:BigDecimalMath:public:java.lang.Object::logUsingNewton:private,static:2:java.math.BigDecimal,java.math.MathContext:java.math.BigDecimal::3PP
ch.obermuhlner.math.big:BigDecimalMath:public:java.lang.Object::logUsingTwoThree:private,static:2:java.math.BigDecimal,java.math.MathContext:java.math.BigDecimal::3PP
ch.obermuhlner.math.big:BigDecimalMath:public:java.lang.Object::logUsingExponent:private,static:2:java.math.BigDecimal,java.math.MathContext:java.math.BigDecimal::3PP
ch.obermuhlner.math.big:BigDecimalMath:public:java.lang.Object::pi:public,static:1:java.math.MathContext:java.math.BigDecimal::3PP
ch.obermuhlner.math.big:BigDecimalMath:public:java.lang.Object::piChudnovski:private,static:1:java.math.MathContext:java.math.BigDecimal::3PP
ch.obermuhlner.math.big:BigDecimalMath:public:java.lang.Object::e:public,static:1:java.math.MathContext:java.math.BigDecimal::3PP
ch.obermuhlner.math.big:BigDecimalMath:public:java.lang.Object::logTen:private,static:1:java.math.MathContext:java.math.BigDecimal::3PP
ch.obermuhlner.math.big:BigDecimalMath:public:java.lang.Object::logTwo:private,static:1:java.math.MathContext:java.math.BigDecimal::3PP
ch.obermuhlner.math.big:BigDecimalMath:public:java.lang.Object::logThree:private,static:1:java.math.MathContext:java.math.BigDecimal::3PP
ch.obermuhlner.math.big:BigDecimalMath:public:java.lang.Object::exp:public,static:2:java.math.BigDecimal,java.math.MathContext:java.math.BigDecimal::3PP
ch.obermuhlner.math.big:BigDecimalMath:public:java.lang.Object::expIntegralFractional:private,static:2:java.math.BigDecimal,java.math.MathContext:java.math.BigDecimal::3PP
ch.obermuhlner.math.big:BigDecimalMath:public:java.lang.Object::expTaylor:private,static:2:java.math.BigDecimal,java.math.MathContext:java.math.BigDecimal::3PP
ch.obermuhlner.math.big:BigDecimalMath:public:java.lang.Object::sin:public,static:2:java.math.BigDecimal,java.math.MathContext:java.math.BigDecimal::3PP
ch.obermuhlner.math.big:BigDecimalMath:public:java.lang.Object::asin:public,static:2:java.math.BigDecimal,java.math.MathContext:java.math.BigDecimal::3PP
ch.obermuhlner.math.big:BigDecimalMath:public:java.lang.Object::cos:public,static:2:java.math.BigDecimal,java.math.MathContext:java.math.BigDecimal::3PP
ch.obermuhlner.math.big:BigDecimalMath:public:java.lang.Object::acos:public,static:2:java.math.BigDecimal,java.math.MathContext:java.math.BigDecimal::3PP
ch.obermuhlner.math.big:BigDecimalMath:public:java.lang.Object::tan:public,static:2:java.math.BigDecimal,java.math.MathContext:java.math.BigDecimal::3PP
ch.obermuhlner.math.big:BigDecimalMath:public:java.lang.Object::atan:public,static:2:java.math.BigDecimal,java.math.MathContext:java.math.BigDecimal::3PP
ch.obermuhlner.math.big:BigDecimalMath:public:java.lang.Object::atan2:public,static:3:java.math.BigDecimal,java.math.BigDecimal,java.math.MathContext:java.math.BigDecimal::3PP
ch.obermuhlner.math.big:BigDecimalMath:public:java.lang.Object::cot:public,static:2:java.math.BigDecimal,java.math.MathContext:java.math.BigDecimal::3PP
ch.obermuhlner.math.big:BigDecimalMath:public:java.lang.Object::acot:public,static:2:java.math.BigDecimal,java.math.MathContext:java.math.BigDecimal::3PP
ch.obermuhlner.math.big:BigDecimalMath:public:java.lang.Object::sinh:public,static:2:java.math.BigDecimal,java.math.MathContext:java.math.BigDecimal::3PP
ch.obermuhlner.math.big:BigDecimalMath:public:java.lang.Object::cosh:public,static:2:java.math.BigDecimal,java.math.MathContext:java.math.BigDecimal::3PP
ch.obermuhlner.math.big:BigDecimalMath:public:java.lang.Object::tanh:public,static:2:java.math.BigDecimal,java.math.MathContext:java.math.BigDecimal::3PP
ch.obermuhlner.math.big:BigDecimalMath:public:java.lang.Object::coth:public,static:2:java.math.BigDecimal,java.math.MathContext:java.math.BigDecimal::3PP
ch.obermuhlner.math.big:BigDecimalMath:public:java.lang.Object::asinh:public,static:2:java.math.BigDecimal,java.math.MathContext:java.math.BigDecimal::3PP
ch.obermuhlner.math.big:BigDecimalMath:public:java.lang.Object::acosh:public,static:2:java.math.BigDecimal,java.math.MathContext:java.math.BigDecimal::3PP
ch.obermuhlner.math.big:BigDecimalMath:public:java.lang.Object::atanh:public,static:2:java.math.BigDecimal,java.math.MathContext:java.math.BigDecimal::3PP
ch.obermuhlner.math.big:BigDecimalMath:public:java.lang.Object::acoth:public,static:2:java.math.BigDecimal,java.math.MathContext:java.math.BigDecimal::3PP
ch.obermuhlner.math.big:BigDecimalMath:public:java.lang.Object::<clinit>:static:0::void::3PP
ch.obermuhlner.math.big:BigFloat$Context:public:java.lang.Object::<init>:private:1:java.math.MathContext:void::3PP
ch.obermuhlner.math.big:BigFloat$Context:public:java.lang.Object::getMathContext:public:0::java.math.MathContext::3PP
ch.obermuhlner.math.big:BigFloat$Context:public:java.lang.Object::getPrecision:public:0::int::3PP
ch.obermuhlner.math.big:BigFloat$Context:public:java.lang.Object::getRoundingMode:public:0::java.math.RoundingMode::3PP
ch.obermuhlner.math.big:BigFloat$Context:public:java.lang.Object::valueOf:public:1:ch.obermuhlner.math.big.BigFloat:ch.obermuhlner.math.big.BigFloat::3PP
ch.obermuhlner.math.big:BigFloat$Context:public:java.lang.Object::valueOf:public:1:java.math.BigDecimal:ch.obermuhlner.math.big.BigFloat::3PP
ch.obermuhlner.math.big:BigFloat$Context:public:java.lang.Object::valueOf:public:1:int:ch.obermuhlner.math.big.BigFloat::3PP
ch.obermuhlner.math.big:BigFloat$Context:public:java.lang.Object::valueOf:public:1:long:ch.obermuhlner.math.big.BigFloat::3PP
ch.obermuhlner.math.big:BigFloat$Context:public:java.lang.Object::valueOf:public:1:double:ch.obermuhlner.math.big.BigFloat::3PP
ch.obermuhlner.math.big:BigFloat$Context:public:java.lang.Object::valueOf:public:1:java.lang.String:ch.obermuhlner.math.big.BigFloat::3PP
ch.obermuhlner.math.big:BigFloat$Context:public:java.lang.Object::pi:public:0::ch.obermuhlner.math.big.BigFloat::3PP
ch.obermuhlner.math.big:BigFloat$Context:public:java.lang.Object::e:public:0::ch.obermuhlner.math.big.BigFloat::3PP
ch.obermuhlner.math.big:BigFloat$Context:public:java.lang.Object::factorial:public:1:int:ch.obermuhlner.math.big.BigFloat::3PP
ch.obermuhlner.math.big:BigFloat$Context:public:java.lang.Object::hashCode:public:0::int::3PP
ch.obermuhlner.math.big:BigFloat$Context:public:java.lang.Object::equals:public:1:java.lang.Object:boolean::3PP
ch.obermuhlner.math.big:BigFloat$Context:public:java.lang.Object::toString:public:0::java.lang.String::3PP
ch.obermuhlner.math.big:BigFloat$Context:public:java.lang.Object::access$200:static:1:ch.obermuhlner.math.big.BigFloat$Context:java.math.MathContext::3PP
ch.obermuhlner.math.big:BigFloat$Context:public:java.lang.Object::<init>::2:java.math.MathContext,ch.obermuhlner.math.big.BigFloat$1:void::3PP
ch.obermuhlner.math.big:BigFloat:public:java.lang.Object:java.lang.Comparable:<init>:private:2:java.math.BigDecimal,ch.obermuhlner.math.big.BigFloat$Context:void::3PP
ch.obermuhlner.math.big:BigFloat:public:java.lang.Object:java.lang.Comparable:add:public:1:ch.obermuhlner.math.big.BigFloat:ch.obermuhlner.math.big.BigFloat::3PP
ch.obermuhlner.math.big:BigFloat:public:java.lang.Object:java.lang.Comparable:add:public:1:java.math.BigDecimal:ch.obermuhlner.math.big.BigFloat::3PP
ch.obermuhlner.math.big:BigFloat:public:java.lang.Object:java.lang.Comparable:add:public:1:int:ch.obermuhlner.math.big.BigFloat::3PP
ch.obermuhlner.math.big:BigFloat:public:java.lang.Object:java.lang.Comparable:add:public:1:long:ch.obermuhlner.math.big.BigFloat::3PP
ch.obermuhlner.math.big:BigFloat:public:java.lang.Object:java.lang.Comparable:add:public:1:double:ch.obermuhlner.math.big.BigFloat::3PP
ch.obermuhlner.math.big:BigFloat:public:java.lang.Object:java.lang.Comparable:subtract:public:1:ch.obermuhlner.math.big.BigFloat:ch.obermuhlner.math.big.BigFloat::3PP
ch.obermuhlner.math.big:BigFloat:public:java.lang.Object:java.lang.Comparable:subtract:public:1:java.math.BigDecimal:ch.obermuhlner.math.big.BigFloat::3PP
ch.obermuhlner.math.big:BigFloat:public:java.lang.Object:java.lang.Comparable:subtract:public:1:int:ch.obermuhlner.math.big.BigFloat::3PP
ch.obermuhlner.math.big:BigFloat:public:java.lang.Object:java.lang.Comparable:subtract:public:1:long:ch.obermuhlner.math.big.BigFloat::3PP
ch.obermuhlner.math.big:BigFloat:public:java.lang.Object:java.lang.Comparable:subtract:public:1:double:ch.obermuhlner.math.big.BigFloat::3PP
ch.obermuhlner.math.big:BigFloat:public:java.lang.Object:java.lang.Comparable:multiply:public:1:ch.obermuhlner.math.big.BigFloat:ch.obermuhlner.math.big.BigFloat::3PP
ch.obermuhlner.math.big:BigFloat:public:java.lang.Object:java.lang.Comparable:multiply:public:1:java.math.BigDecimal:ch.obermuhlner.math.big.BigFloat::3PP
ch.obermuhlner.math.big:BigFloat:public:java.lang.Object:java.lang.Comparable:multiply:public:1:int:ch.obermuhlner.math.big.BigFloat::3PP
ch.obermuhlner.math.big:BigFloat:public:java.lang.Object:java.lang.Comparable:multiply:public:1:long:ch.obermuhlner.math.big.BigFloat::3PP
ch.obermuhlner.math.big:BigFloat:public:java.lang.Object:java.lang.Comparable:multiply:public:1:double:ch.obermuhlner.math.big.BigFloat::3PP
ch.obermuhlner.math.big:BigFloat:public:java.lang.Object:java.lang.Comparable:divide:public:1:ch.obermuhlner.math.big.BigFloat:ch.obermuhlner.math.big.BigFloat::3PP
ch.obermuhlner.math.big:BigFloat:public:java.lang.Object:java.lang.Comparable:divide:public:1:java.math.BigDecimal:ch.obermuhlner.math.big.BigFloat::3PP
ch.obermuhlner.math.big:BigFloat:public:java.lang.Object:java.lang.Comparable:divide:public:1:int:ch.obermuhlner.math.big.BigFloat::3PP
ch.obermuhlner.math.big:BigFloat:public:java.lang.Object:java.lang.Comparable:divide:public:1:long:ch.obermuhlner.math.big.BigFloat::3PP
ch.obermuhlner.math.big:BigFloat:public:java.lang.Object:java.lang.Comparable:divide:public:1:double:ch.obermuhlner.math.big.BigFloat::3PP
ch.obermuhlner.math.big:BigFloat:public:java.lang.Object:java.lang.Comparable:remainder:public:1:ch.obermuhlner.math.big.BigFloat:ch.obermuhlner.math.big.BigFloat::3PP
ch.obermuhlner.math.big:BigFloat:public:java.lang.Object:java.lang.Comparable:remainder:public:1:java.math.BigDecimal:ch.obermuhlner.math.big.BigFloat::3PP
ch.obermuhlner.math.big:BigFloat:public:java.lang.Object:java.lang.Comparable:remainder:public:1:int:ch.obermuhlner.math.big.BigFloat::3PP
ch.obermuhlner.math.big:BigFloat:public:java.lang.Object:java.lang.Comparable:remainder:public:1:long:ch.obermuhlner.math.big.BigFloat::3PP
ch.obermuhlner.math.big:BigFloat:public:java.lang.Object:java.lang.Comparable:remainder:public:1:double:ch.obermuhlner.math.big.BigFloat::3PP
ch.obermuhlner.math.big:BigFloat:public:java.lang.Object:java.lang.Comparable:pow:public:1:ch.obermuhlner.math.big.BigFloat:ch.obermuhlner.math.big.BigFloat::3PP
ch.obermuhlner.math.big:BigFloat:public:java.lang.Object:java.lang.Comparable:pow:public:1:java.math.BigDecimal:ch.obermuhlner.math.big.BigFloat::3PP
ch.obermuhlner.math.big:BigFloat:public:java.lang.Object:java.lang.Comparable:pow:public:1:int:ch.obermuhlner.math.big.BigFloat::3PP
ch.obermuhlner.math.big:BigFloat:public:java.lang.Object:java.lang.Comparable:pow:public:1:long:ch.obermuhlner.math.big.BigFloat::3PP
ch.obermuhlner.math.big:BigFloat:public:java.lang.Object:java.lang.Comparable:pow:public:1:double:ch.obermuhlner.math.big.BigFloat::3PP
ch.obermuhlner.math.big:BigFloat:public:java.lang.Object:java.lang.Comparable:root:public:1:ch.obermuhlner.math.big.BigFloat:ch.obermuhlner.math.big.BigFloat::3PP
ch.obermuhlner.math.big:BigFloat:public:java.lang.Object:java.lang.Comparable:root:public:1:java.math.BigDecimal:ch.obermuhlner.math.big.BigFloat::3PP
ch.obermuhlner.math.big:BigFloat:public:java.lang.Object:java.lang.Comparable:root:public:1:int:ch.obermuhlner.math.big.BigFloat::3PP
ch.obermuhlner.math.big:BigFloat:public:java.lang.Object:java.lang.Comparable:root:public:1:long:ch.obermuhlner.math.big.BigFloat::3PP
ch.obermuhlner.math.big:BigFloat:public:java.lang.Object:java.lang.Comparable:root:public:1:double:ch.obermuhlner.math.big.BigFloat::3PP
ch.obermuhlner.math.big:BigFloat:public:java.lang.Object:java.lang.Comparable:hashCode:public:0::int::3PP
ch.obermuhlner.math.big:BigFloat:public:java.lang.Object:java.lang.Comparable:equals:public:1:java.lang.Object:boolean::3PP
ch.obermuhlner.math.big:BigFloat:public:java.lang.Object:java.lang.Comparable:signum:public:0::int::3PP
ch.obermuhlner.math.big:BigFloat:public:java.lang.Object:java.lang.Comparable:isNegative:public:0::boolean::3PP
ch.obermuhlner.math.big:BigFloat:public:java.lang.Object:java.lang.Comparable:isZero:public:0::boolean::3PP
ch.obermuhlner.math.big:BigFloat:public:java.lang.Object:java.lang.Comparable:isPositive:public:0::boolean::3PP
ch.obermuhlner.math.big:BigFloat:public:java.lang.Object:java.lang.Comparable:compareTo:public:1:ch.obermuhlner.math.big.BigFloat:int::3PP
ch.obermuhlner.math.big:BigFloat:public:java.lang.Object:java.lang.Comparable:isEqual:public:1:ch.obermuhlner.math.big.BigFloat:boolean::3PP
ch.obermuhlner.math.big:BigFloat:public:java.lang.Object:java.lang.Comparable:isLessThan:public:1:ch.obermuhlner.math.big.BigFloat:boolean::3PP
ch.obermuhlner.math.big:BigFloat:public:java.lang.Object:java.lang.Comparable:isGreaterThan:public:1:ch.obermuhlner.math.big.BigFloat:boolean::3PP
ch.obermuhlner.math.big:BigFloat:public:java.lang.Object:java.lang.Comparable:isLessThanOrEqual:public:1:ch.obermuhlner.math.big.BigFloat:boolean::3PP
ch.obermuhlner.math.big:BigFloat:public:java.lang.Object:java.lang.Comparable:isGreaterThanOrEqual:public:1:ch.obermuhlner.math.big.BigFloat:boolean::3PP
ch.obermuhlner.math.big:BigFloat:public:java.lang.Object:java.lang.Comparable:isIntValue:public:0::boolean::3PP
ch.obermuhlner.math.big:BigFloat:public:java.lang.Object:java.lang.Comparable:isDoubleValue:public:0::boolean::3PP
ch.obermuhlner.math.big:BigFloat:public:java.lang.Object:java.lang.Comparable:getMantissa:public:0::ch.obermuhlner.math.big.BigFloat::3PP
ch.obermuhlner.math.big:BigFloat:public:java.lang.Object:java.lang.Comparable:getExponent:public:0::ch.obermuhlner.math.big.BigFloat::3PP
ch.obermuhlner.math.big:BigFloat:public:java.lang.Object:java.lang.Comparable:getIntegralPart:public:0::ch.obermuhlner.math.big.BigFloat::3PP
ch.obermuhlner.math.big:BigFloat:public:java.lang.Object:java.lang.Comparable:getFractionalPart:public:0::ch.obermuhlner.math.big.BigFloat::3PP
ch.obermuhlner.math.big:BigFloat:public:java.lang.Object:java.lang.Comparable:getContext:public:0::ch.obermuhlner.math.big.BigFloat$Context::3PP
ch.obermuhlner.math.big:BigFloat:public:java.lang.Object:java.lang.Comparable:toBigDecimal:public:0::java.math.BigDecimal::3PP
ch.obermuhlner.math.big:BigFloat:public:java.lang.Object:java.lang.Comparable:toDouble:public:0::double::3PP
ch.obermuhlner.math.big:BigFloat:public:java.lang.Object:java.lang.Comparable:toLong:public:0::long::3PP
ch.obermuhlner.math.big:BigFloat:public:java.lang.Object:java.lang.Comparable:toInt:public:0::int::3PP
ch.obermuhlner.math.big:BigFloat:public:java.lang.Object:java.lang.Comparable:toString:public:0::java.lang.String::3PP
ch.obermuhlner.math.big:BigFloat:public:java.lang.Object:java.lang.Comparable:context:public,static:1:int:ch.obermuhlner.math.big.BigFloat$Context::3PP
ch.obermuhlner.math.big:BigFloat:public:java.lang.Object:java.lang.Comparable:context:public,static:1:java.math.MathContext:ch.obermuhlner.math.big.BigFloat$Context::3PP
ch.obermuhlner.math.big:BigFloat:public:java.lang.Object:java.lang.Comparable:negate:public,static:1:ch.obermuhlner.math.big.BigFloat:ch.obermuhlner.math.big.BigFloat::3PP
ch.obermuhlner.math.big:BigFloat:public:java.lang.Object:java.lang.Comparable:abs:public,static:1:ch.obermuhlner.math.big.BigFloat:ch.obermuhlner.math.big.BigFloat::3PP
ch.obermuhlner.math.big:BigFloat:public:java.lang.Object:java.lang.Comparable:max:public,static:2:ch.obermuhlner.math.big.BigFloat,ch.obermuhlner.math.big.BigFloat:ch.obermuhlner.math.big.BigFloat::3PP
ch.obermuhlner.math.big:BigFloat:public:java.lang.Object:java.lang.Comparable:max:public,static,transient:2:ch.obermuhlner.math.big.BigFloat,ch.obermuhlner.math.big.BigFloat[]:ch.obermuhlner.math.big.BigFloat::3PP
ch.obermuhlner.math.big:BigFloat:public:java.lang.Object:java.lang.Comparable:min:public,static:2:ch.obermuhlner.math.big.BigFloat,ch.obermuhlner.math.big.BigFloat:ch.obermuhlner.math.big.BigFloat::3PP
ch.obermuhlner.math.big:BigFloat:public:java.lang.Object:java.lang.Comparable:min:public,static,transient:2:ch.obermuhlner.math.big.BigFloat,ch.obermuhlner.math.big.BigFloat[]:ch.obermuhlner.math.big.BigFloat::3PP
ch.obermuhlner.math.big:BigFloat:public:java.lang.Object:java.lang.Comparable:log:public,static:1:ch.obermuhlner.math.big.BigFloat:ch.obermuhlner.math.big.BigFloat::3PP
ch.obermuhlner.math.big:BigFloat:public:java.lang.Object:java.lang.Comparable:log2:public,static:1:ch.obermuhlner.math.big.BigFloat:ch.obermuhlner.math.big.BigFloat::3PP
ch.obermuhlner.math.big:BigFloat:public:java.lang.Object:java.lang.Comparable:log10:public,static:1:ch.obermuhlner.math.big.BigFloat:ch.obermuhlner.math.big.BigFloat::3PP
ch.obermuhlner.math.big:BigFloat:public:java.lang.Object:java.lang.Comparable:exp:public,static:1:ch.obermuhlner.math.big.BigFloat:ch.obermuhlner.math.big.BigFloat::3PP
ch.obermuhlner.math.big:BigFloat:public:java.lang.Object:java.lang.Comparable:sqrt:public,static:1:ch.obermuhlner.math.big.BigFloat:ch.obermuhlner.math.big.BigFloat::3PP
ch.obermuhlner.math.big:BigFloat:public:java.lang.Object:java.lang.Comparable:pow:public,static:2:ch.obermuhlner.math.big.BigFloat,ch.obermuhlner.math.big.BigFloat:ch.obermuhlner.math.big.BigFloat::3PP
ch.obermuhlner.math.big:BigFloat:public:java.lang.Object:java.lang.Comparable:root:public,static:2:ch.obermuhlner.math.big.BigFloat,ch.obermuhlner.math.big.BigFloat:ch.obermuhlner.math.big.BigFloat::3PP
ch.obermuhlner.math.big:BigFloat:public:java.lang.Object:java.lang.Comparable:sin:public,static:1:ch.obermuhlner.math.big.BigFloat:ch.obermuhlner.math.big.BigFloat::3PP
ch.obermuhlner.math.big:BigFloat:public:java.lang.Object:java.lang.Comparable:cos:public,static:1:ch.obermuhlner.math.big.BigFloat:ch.obermuhlner.math.big.BigFloat::3PP
ch.obermuhlner.math.big:BigFloat:public:java.lang.Object:java.lang.Comparable:tan:public,static:1:ch.obermuhlner.math.big.BigFloat:ch.obermuhlner.math.big.BigFloat::3PP
ch.obermuhlner.math.big:BigFloat:public:java.lang.Object:java.lang.Comparable:cot:public,static:1:ch.obermuhlner.math.big.BigFloat:ch.obermuhlner.math.big.BigFloat::3PP
ch.obermuhlner.math.big:BigFloat:public:java.lang.Object:java.lang.Comparable:asin:public,static:1:ch.obermuhlner.math.big.BigFloat:ch.obermuhlner.math.big.BigFloat::3PP
ch.obermuhlner.math.big:BigFloat:public:java.lang.Object:java.lang.Comparable:acos:public,static:1:ch.obermuhlner.math.big.BigFloat:ch.obermuhlner.math.big.BigFloat::3PP
ch.obermuhlner.math.big:BigFloat:public:java.lang.Object:java.lang.Comparable:atan:public,static:1:ch.obermuhlner.math.big.BigFloat:ch.obermuhlner.math.big.BigFloat::3PP
ch.obermuhlner.math.big:BigFloat:public:java.lang.Object:java.lang.Comparable:acot:public,static:1:ch.obermuhlner.math.big.BigFloat:ch.obermuhlner.math.big.BigFloat::3PP
ch.obermuhlner.math.big:BigFloat:public:java.lang.Object:java.lang.Comparable:sinh:public,static:1:ch.obermuhlner.math.big.BigFloat:ch.obermuhlner.math.big.BigFloat::3PP
ch.obermuhlner.math.big:BigFloat:public:java.lang.Object:java.lang.Comparable:cosh:public,static:1:ch.obermuhlner.math.big.BigFloat:ch.obermuhlner.math.big.BigFloat::3PP
ch.obermuhlner.math.big:BigFloat:public:java.lang.Object:java.lang.Comparable:tanh:public,static:1:ch.obermuhlner.math.big.BigFloat:ch.obermuhlner.math.big.BigFloat::3PP
ch.obermuhlner.math.big:BigFloat:public:java.lang.Object:java.lang.Comparable:coth:public,static:1:ch.obermuhlner.math.big.BigFloat:ch.obermuhlner.math.big.BigFloat::3PP
ch.obermuhlner.math.big:BigFloat:public:java.lang.Object:java.lang.Comparable:asinh:public,static:1:ch.obermuhlner.math.big.BigFloat:ch.obermuhlner.math.big.BigFloat::3PP
ch.obermuhlner.math.big:BigFloat:public:java.lang.Object:java.lang.Comparable:acosh:public,static:1:ch.obermuhlner.math.big.BigFloat:ch.obermuhlner.math.big.BigFloat::3PP
ch.obermuhlner.math.big:BigFloat:public:java.lang.Object:java.lang.Comparable:atanh:public,static:1:ch.obermuhlner.math.big.BigFloat:ch.obermuhlner.math.big.BigFloat::3PP
ch.obermuhlner.math.big:BigFloat:public:java.lang.Object:java.lang.Comparable:acoth:public,static:1:ch.obermuhlner.math.big.BigFloat:ch.obermuhlner.math.big.BigFloat::3PP
ch.obermuhlner.math.big:BigFloat:public:java.lang.Object:java.lang.Comparable:max:private,static:2:ch.obermuhlner.math.big.BigFloat$Context,ch.obermuhlner.math.big.BigFloat$Context:ch.obermuhlner.math.big.BigFloat$Context::3PP
ch.obermuhlner.math.big:BigFloat:public:java.lang.Object:java.lang.Comparable:compareTo:public,volatile:1:java.lang.Object:int::3PP
ch.obermuhlner.math.big:BigFloat:public:java.lang.Object:java.lang.Comparable:access$000:static:1:ch.obermuhlner.math.big.BigFloat:java.math.BigDecimal::3PP
ch.obermuhlner.math.big:BigFloat:public:java.lang.Object:java.lang.Comparable:<init>::3:java.math.BigDecimal,ch.obermuhlner.math.big.BigFloat$Context,ch.obermuhlner.math.big.BigFloat$1:void::3PP
ch.obermuhlner.math.big:BigRational:public:java.lang.Object:java.lang.Comparable:<init>:private:1:int:void::3PP
ch.obermuhlner.math.big:BigRational:public:java.lang.Object:java.lang.Comparable:<init>:private:2:java.math.BigDecimal,java.math.BigDecimal:void::3PP
ch.obermuhlner.math.big:BigRational:public:java.lang.Object:java.lang.Comparable:getNumeratorBigInteger:public:0::java.math.BigInteger::3PP
ch.obermuhlner.math.big:BigRational:public:java.lang.Object:java.lang.Comparable:getNumerator:public:0::java.math.BigDecimal::3PP
ch.obermuhlner.math.big:BigRational:public:java.lang.Object:java.lang.Comparable:getDenominatorBigInteger:public:0::java.math.BigInteger::3PP
ch.obermuhlner.math.big:BigRational:public:java.lang.Object:java.lang.Comparable:getDenominator:public:0::java.math.BigDecimal::3PP
ch.obermuhlner.math.big:BigRational:public:java.lang.Object:java.lang.Comparable:reduce:public:0::ch.obermuhlner.math.big.BigRational::3PP
ch.obermuhlner.math.big:BigRational:public:java.lang.Object:java.lang.Comparable:integerPart:public:0::ch.obermuhlner.math.big.BigRational::3PP
ch.obermuhlner.math.big:BigRational:public:java.lang.Object:java.lang.Comparable:fractionPart:public:0::ch.obermuhlner.math.big.BigRational::3PP
ch.obermuhlner.math.big:BigRational:public:java.lang.Object:java.lang.Comparable:negate:public:0::ch.obermuhlner.math.big.BigRational::3PP
ch.obermuhlner.math.big:BigRational:public:java.lang.Object:java.lang.Comparable:reciprocal:public:0::ch.obermuhlner.math.big.BigRational::3PP
ch.obermuhlner.math.big:BigRational:public:java.lang.Object:java.lang.Comparable:abs:public:0::ch.obermuhlner.math.big.BigRational::3PP
ch.obermuhlner.math.big:BigRational:public:java.lang.Object:java.lang.Comparable:signum:public:0::int::3PP
ch.obermuhlner.math.big:BigRational:public:java.lang.Object:java.lang.Comparable:increment:public:0::ch.obermuhlner.math.big.BigRational::3PP
ch.obermuhlner.math.big:BigRational:public:java.lang.Object:java.lang.Comparable:decrement:public:0::ch.obermuhlner.math.big.BigRational::3PP
ch.obermuhlner.math.big:BigRational:public:java.lang.Object:java.lang.Comparable:add:public:1:ch.obermuhlner.math.big.BigRational:ch.obermuhlner.math.big.BigRational::3PP
ch.obermuhlner.math.big:BigRational:public:java.lang.Object:java.lang.Comparable:add:private:1:java.math.BigDecimal:ch.obermuhlner.math.big.BigRational::3PP
ch.obermuhlner.math.big:BigRational:public:java.lang.Object:java.lang.Comparable:add:public:1:java.math.BigInteger:ch.obermuhlner.math.big.BigRational::3PP
ch.obermuhlner.math.big:BigRational:public:java.lang.Object:java.lang.Comparable:add:public:1:int:ch.obermuhlner.math.big.BigRational::3PP
ch.obermuhlner.math.big:BigRational:public:java.lang.Object:java.lang.Comparable:subtract:public:1:ch.obermuhlner.math.big.BigRational:ch.obermuhlner.math.big.BigRational::3PP
ch.obermuhlner.math.big:BigRational:public:java.lang.Object:java.lang.Comparable:subtract:private:1:java.math.BigDecimal:ch.obermuhlner.math.big.BigRational::3PP
ch.obermuhlner.math.big:BigRational:public:java.lang.Object:java.lang.Comparable:subtract:public:1:java.math.BigInteger:ch.obermuhlner.math.big.BigRational::3PP
ch.obermuhlner.math.big:BigRational:public:java.lang.Object:java.lang.Comparable:subtract:public:1:int:ch.obermuhlner.math.big.BigRational::3PP
ch.obermuhlner.math.big:BigRational:public:java.lang.Object:java.lang.Comparable:multiply:public:1:ch.obermuhlner.math.big.BigRational:ch.obermuhlner.math.big.BigRational::3PP
ch.obermuhlner.math.big:BigRational:public:java.lang.Object:java.lang.Comparable:multiply:private:1:java.math.BigDecimal:ch.obermuhlner.math.big.BigRational::3PP
ch.obermuhlner.math.big:BigRational:public:java.lang.Object:java.lang.Comparable:multiply:public:1:java.math.BigInteger:ch.obermuhlner.math.big.BigRational::3PP
ch.obermuhlner.math.big:BigRational:public:java.lang.Object:java.lang.Comparable:multiply:public:1:int:ch.obermuhlner.math.big.BigRational::3PP
ch.obermuhlner.math.big:BigRational:public:java.lang.Object:java.lang.Comparable:divide:public:1:ch.obermuhlner.math.big.BigRational:ch.obermuhlner.math.big.BigRational::3PP
ch.obermuhlner.math.big:BigRational:public:java.lang.Object:java.lang.Comparable:divide:private:1:java.math.BigDecimal:ch.obermuhlner.math.big.BigRational::3PP
ch.obermuhlner.math.big:BigRational:public:java.lang.Object:java.lang.Comparable:divide:public:1:java.math.BigInteger:ch.obermuhlner.math.big.BigRational::3PP
ch.obermuhlner.math.big:BigRational:public:java.lang.Object:java.lang.Comparable:divide:public:1:int:ch.obermuhlner.math.big.BigRational::3PP
ch.obermuhlner.math.big:BigRational:public:java.lang.Object:java.lang.Comparable:isZero:public:0::boolean::3PP
ch.obermuhlner.math.big:BigRational:public:java.lang.Object:java.lang.Comparable:isPositive:private:0::boolean::3PP
ch.obermuhlner.math.big:BigRational:public:java.lang.Object:java.lang.Comparable:isInteger:public:0::boolean::3PP
ch.obermuhlner.math.big:BigRational:public:java.lang.Object:java.lang.Comparable:isIntegerInternal:private:0::boolean::3PP
ch.obermuhlner.math.big:BigRational:public:java.lang.Object:java.lang.Comparable:pow:public:1:int:ch.obermuhlner.math.big.BigRational::3PP
ch.obermuhlner.math.big:BigRational:public:java.lang.Object:java.lang.Comparable:min:private:1:ch.obermuhlner.math.big.BigRational:ch.obermuhlner.math.big.BigRational::3PP
ch.obermuhlner.math.big:BigRational:public:java.lang.Object:java.lang.Comparable:max:private:1:ch.obermuhlner.math.big.BigRational:ch.obermuhlner.math.big.BigRational::3PP
ch.obermuhlner.math.big:BigRational:public:java.lang.Object:java.lang.Comparable:withPrecision:public:1:int:ch.obermuhlner.math.big.BigRational::3PP
ch.obermuhlner.math.big:BigRational:public:java.lang.Object:java.lang.Comparable:withScale:public:1:int:ch.obermuhlner.math.big.BigRational::3PP
ch.obermuhlner.math.big:BigRational:public:java.lang.Object:java.lang.Comparable:countDigits:private,static:1:java.math.BigInteger:int::3PP
ch.obermuhlner.math.big:BigRational:public:java.lang.Object:java.lang.Comparable:precision:private:0::int::3PP
ch.obermuhlner.math.big:BigRational:public:java.lang.Object:java.lang.Comparable:toDouble:public:0::double::3PP
ch.obermuhlner.math.big:BigRational:public:java.lang.Object:java.lang.Comparable:toFloat:public:0::float::3PP
ch.obermuhlner.math.big:BigRational:public:java.lang.Object:java.lang.Comparable:toBigDecimal:public:0::java.math.BigDecimal::3PP
ch.obermuhlner.math.big:BigRational:public:java.lang.Object:java.lang.Comparable:toBigDecimal:public:1:java.math.MathContext:java.math.BigDecimal::3PP
ch.obermuhlner.math.big:BigRational:public:java.lang.Object:java.lang.Comparable:compareTo:public:1:ch.obermuhlner.math.big.BigRational:int::3PP
ch.obermuhlner.math.big:BigRational:public:java.lang.Object:java.lang.Comparable:hashCode:public:0::int::3PP
ch.obermuhlner.math.big:BigRational:public:java.lang.Object:java.lang.Comparable:equals:public:1:java.lang.Object:boolean::3PP
ch.obermuhlner.math.big:BigRational:public:java.lang.Object:java.lang.Comparable:toString:public:0::java.lang.String::3PP
ch.obermuhlner.math.big:BigRational:public:java.lang.Object:java.lang.Comparable:toPlainString:public:0::java.lang.String::3PP
ch.obermuhlner.math.big:BigRational:public:java.lang.Object:java.lang.Comparable:toRationalString:public:0::java.lang.String::3PP
ch.obermuhlner.math.big:BigRational:public:java.lang.Object:java.lang.Comparable:toIntegerRationalString:public:0::java.lang.String::3PP
ch.obermuhlner.math.big:BigRational:public:java.lang.Object:java.lang.Comparable:valueOf:public,static:1:int:ch.obermuhlner.math.big.BigRational::3PP
ch.obermuhlner.math.big:BigRational:public:java.lang.Object:java.lang.Comparable:valueOf:public,static:2:int,int:ch.obermuhlner.math.big.BigRational::3PP
ch.obermuhlner.math.big:BigRational:public:java.lang.Object:java.lang.Comparable:valueOf:public,static:3:int,int,int:ch.obermuhlner.math.big.BigRational::3PP
ch.obermuhlner.math.big:BigRational:public:java.lang.Object:java.lang.Comparable:valueOf:public,static:2:java.math.BigInteger,java.math.BigInteger:ch.obermuhlner.math.big.BigRational::3PP
ch.obermuhlner.math.big:BigRational:public:java.lang.Object:java.lang.Comparable:valueOf:public,static:1:java.math.BigInteger:ch.obermuhlner.math.big.BigRational::3PP
ch.obermuhlner.math.big:BigRational:public:java.lang.Object:java.lang.Comparable:valueOf:public,static:1:double:ch.obermuhlner.math.big.BigRational::3PP
ch.obermuhlner.math.big:BigRational:public:java.lang.Object:java.lang.Comparable:valueOf:public,static:1:java.math.BigDecimal:ch.obermuhlner.math.big.BigRational::3PP
ch.obermuhlner.math.big:BigRational:public:java.lang.Object:java.lang.Comparable:valueOf:public,static:1:java.lang.String:ch.obermuhlner.math.big.BigRational::3PP
ch.obermuhlner.math.big:BigRational:public:java.lang.Object:java.lang.Comparable:valueOfSimple:private,static:1:java.lang.String:ch.obermuhlner.math.big.BigRational::3PP
ch.obermuhlner.math.big:BigRational:public:java.lang.Object:java.lang.Comparable:valueOf:public,static:5:boolean,java.lang.String,java.lang.String,java.lang.String,java.lang.String:ch.obermuhlner.math.big.BigRational::3PP
ch.obermuhlner.math.big:BigRational:public:java.lang.Object:java.lang.Comparable:valueOf:public,static:2:java.math.BigDecimal,java.math.BigDecimal:ch.obermuhlner.math.big.BigRational::3PP
ch.obermuhlner.math.big:BigRational:public:java.lang.Object:java.lang.Comparable:of:private,static:2:java.math.BigDecimal,java.math.BigDecimal:ch.obermuhlner.math.big.BigRational::3PP
ch.obermuhlner.math.big:BigRational:public:java.lang.Object:java.lang.Comparable:min:public,static,transient:1:ch.obermuhlner.math.big.BigRational[]:ch.obermuhlner.math.big.BigRational::3PP
ch.obermuhlner.math.big:BigRational:public:java.lang.Object:java.lang.Comparable:max:public,static,transient:1:ch.obermuhlner.math.big.BigRational[]:ch.obermuhlner.math.big.BigRational::3PP
ch.obermuhlner.math.big:BigRational:public:java.lang.Object:java.lang.Comparable:bernoulli:public,static:1:int:ch.obermuhlner.math.big.BigRational::3PP
ch.obermuhlner.math.big:BigRational:public:java.lang.Object:java.lang.Comparable:calculateBernoulli:private,static:1:int:ch.obermuhlner.math.big.BigRational::3PP
ch.obermuhlner.math.big:BigRational:public:java.lang.Object:java.lang.Comparable:compareTo:public,volatile:1:java.lang.Object:int::3PP
ch.obermuhlner.math.big:BigRational:public:java.lang.Object:java.lang.Comparable:lambda$calculateBernoulli$0:private,static:2:int,int:ch.obermuhlner.math.big.BigRational::3PP
ch.obermuhlner.math.big:BigRational:public:java.lang.Object:java.lang.Comparable:<clinit>:static:0::void::3PP
ch.obermuhlner.math.big.internal:AsinCalculator:public:ch.obermuhlner.math.big.internal.SeriesCalculator::<init>:private:0::void::3PP
ch.obermuhlner.math.big.internal:AsinCalculator:public:ch.obermuhlner.math.big.internal.SeriesCalculator::getCurrentFactor:protected:0::ch.obermuhlner.math.big.BigRational::3PP
ch.obermuhlner.math.big.internal:AsinCalculator:public:ch.obermuhlner.math.big.internal.SeriesCalculator::calculateNextFactor:protected:0::void::3PP
ch.obermuhlner.math.big.internal:AsinCalculator:public:ch.obermuhlner.math.big.internal.SeriesCalculator::createPowerIterator:protected:2:java.math.BigDecimal,java.math.MathContext:ch.obermuhlner.math.big.internal.PowerIterator::3PP
ch.obermuhlner.math.big.internal:AsinCalculator:public:ch.obermuhlner.math.big.internal.SeriesCalculator::<clinit>:static:0::void::3PP
ch.obermuhlner.math.big.internal:CosCalculator:public:ch.obermuhlner.math.big.internal.SeriesCalculator::<init>:private:0::void::3PP
ch.obermuhlner.math.big.internal:CosCalculator:public:ch.obermuhlner.math.big.internal.SeriesCalculator::getCurrentFactor:protected:0::ch.obermuhlner.math.big.BigRational::3PP
ch.obermuhlner.math.big.internal:CosCalculator:public:ch.obermuhlner.math.big.internal.SeriesCalculator::calculateNextFactor:protected:0::void::3PP
ch.obermuhlner.math.big.internal:CosCalculator:public:ch.obermuhlner.math.big.internal.SeriesCalculator::createPowerIterator:protected:2:java.math.BigDecimal,java.math.MathContext:ch.obermuhlner.math.big.internal.PowerIterator::3PP
ch.obermuhlner.math.big.internal:CosCalculator:public:ch.obermuhlner.math.big.internal.SeriesCalculator::<clinit>:static:0::void::3PP
ch.obermuhlner.math.big.internal:CoshCalculator:public:ch.obermuhlner.math.big.internal.SeriesCalculator::<init>:private:0::void::3PP
ch.obermuhlner.math.big.internal:CoshCalculator:public:ch.obermuhlner.math.big.internal.SeriesCalculator::getCurrentFactor:protected:0::ch.obermuhlner.math.big.BigRational::3PP
ch.obermuhlner.math.big.internal:CoshCalculator:public:ch.obermuhlner.math.big.internal.SeriesCalculator::calculateNextFactor:protected:0::void::3PP
ch.obermuhlner.math.big.internal:CoshCalculator:public:ch.obermuhlner.math.big.internal.SeriesCalculator::createPowerIterator:protected:2:java.math.BigDecimal,java.math.MathContext:ch.obermuhlner.math.big.internal.PowerIterator::3PP
ch.obermuhlner.math.big.internal:CoshCalculator:public:ch.obermuhlner.math.big.internal.SeriesCalculator::<clinit>:static:0::void::3PP
ch.obermuhlner.math.big.internal:ExpCalculator:public:ch.obermuhlner.math.big.internal.SeriesCalculator::<init>:private:0::void::3PP
ch.obermuhlner.math.big.internal:ExpCalculator:public:ch.obermuhlner.math.big.internal.SeriesCalculator::getCurrentFactor:protected:0::ch.obermuhlner.math.big.BigRational::3PP
ch.obermuhlner.math.big.internal:ExpCalculator:public:ch.obermuhlner.math.big.internal.SeriesCalculator::calculateNextFactor:protected:0::void::3PP
ch.obermuhlner.math.big.internal:ExpCalculator:public:ch.obermuhlner.math.big.internal.SeriesCalculator::createPowerIterator:protected:2:java.math.BigDecimal,java.math.MathContext:ch.obermuhlner.math.big.internal.PowerIterator::3PP
ch.obermuhlner.math.big.internal:ExpCalculator:public:ch.obermuhlner.math.big.internal.SeriesCalculator::<clinit>:static:0::void::3PP
ch.obermuhlner.math.big.internal:PowerIterator:public,abstract,interface:::getCurrentPower:public,abstract:0::java.math.BigDecimal::3PP
ch.obermuhlner.math.big.internal:PowerIterator:public,abstract,interface:::calculateNextPower:public,abstract:0::void::3PP
ch.obermuhlner.math.big.internal:PowerNIterator:public:java.lang.Object:ch.obermuhlner.math.big.internal.PowerIterator:<init>:public:2:java.math.BigDecimal,java.math.MathContext:void::3PP
ch.obermuhlner.math.big.internal:PowerNIterator:public:java.lang.Object:ch.obermuhlner.math.big.internal.PowerIterator:getCurrentPower:public:0::java.math.BigDecimal::3PP
ch.obermuhlner.math.big.internal:PowerNIterator:public:java.lang.Object:ch.obermuhlner.math.big.internal.PowerIterator:calculateNextPower:public:0::void::3PP
ch.obermuhlner.math.big.internal:PowerTwoNIterator:public:java.lang.Object:ch.obermuhlner.math.big.internal.PowerIterator:<init>:public:2:java.math.BigDecimal,java.math.MathContext:void::3PP
ch.obermuhlner.math.big.internal:PowerTwoNIterator:public:java.lang.Object:ch.obermuhlner.math.big.internal.PowerIterator:getCurrentPower:public:0::java.math.BigDecimal::3PP
ch.obermuhlner.math.big.internal:PowerTwoNIterator:public:java.lang.Object:ch.obermuhlner.math.big.internal.PowerIterator:calculateNextPower:public:0::void::3PP
ch.obermuhlner.math.big.internal:PowerTwoNPlusOneIterator:public:java.lang.Object:ch.obermuhlner.math.big.internal.PowerIterator:<init>:public:2:java.math.BigDecimal,java.math.MathContext:void::3PP
ch.obermuhlner.math.big.internal:PowerTwoNPlusOneIterator:public:java.lang.Object:ch.obermuhlner.math.big.internal.PowerIterator:getCurrentPower:public:0::java.math.BigDecimal::3PP
ch.obermuhlner.math.big.internal:PowerTwoNPlusOneIterator:public:java.lang.Object:ch.obermuhlner.math.big.internal.PowerIterator:calculateNextPower:public:0::void::3PP
ch.obermuhlner.math.big.internal:SeriesCalculator:public,abstract:java.lang.Object::<init>:protected:0::void::3PP
ch.obermuhlner.math.big.internal:SeriesCalculator:public,abstract:java.lang.Object::<init>:protected:1:boolean:void::3PP
ch.obermuhlner.math.big.internal:SeriesCalculator:public,abstract:java.lang.Object::calculate:public:2:java.math.BigDecimal,java.math.MathContext:java.math.BigDecimal::3PP
ch.obermuhlner.math.big.internal:SeriesCalculator:public,abstract:java.lang.Object::createPowerIterator:protected,abstract:2:java.math.BigDecimal,java.math.MathContext:ch.obermuhlner.math.big.internal.PowerIterator::3PP
ch.obermuhlner.math.big.internal:SeriesCalculator:public,abstract:java.lang.Object::getFactor:protected:1:int:ch.obermuhlner.math.big.BigRational::3PP
ch.obermuhlner.math.big.internal:SeriesCalculator:public,abstract:java.lang.Object::getCurrentFactor:protected,abstract:0::ch.obermuhlner.math.big.BigRational::3PP
ch.obermuhlner.math.big.internal:SeriesCalculator:public,abstract:java.lang.Object::calculateNextFactor:protected,abstract:0::void::3PP
ch.obermuhlner.math.big.internal:SinCalculator:public:ch.obermuhlner.math.big.internal.SeriesCalculator::<init>:private:0::void::3PP
ch.obermuhlner.math.big.internal:SinCalculator:public:ch.obermuhlner.math.big.internal.SeriesCalculator::getCurrentFactor:protected:0::ch.obermuhlner.math.big.BigRational::3PP
ch.obermuhlner.math.big.internal:SinCalculator:public:ch.obermuhlner.math.big.internal.SeriesCalculator::calculateNextFactor:protected:0::void::3PP
ch.obermuhlner.math.big.internal:SinCalculator:public:ch.obermuhlner.math.big.internal.SeriesCalculator::createPowerIterator:protected:2:java.math.BigDecimal,java.math.MathContext:ch.obermuhlner.math.big.internal.PowerIterator::3PP
ch.obermuhlner.math.big.internal:SinCalculator:public:ch.obermuhlner.math.big.internal.SeriesCalculator::<clinit>:static:0::void::3PP
ch.obermuhlner.math.big.internal:SinhCalculator:public:ch.obermuhlner.math.big.internal.SeriesCalculator::<init>:private:0::void::3PP
ch.obermuhlner.math.big.internal:SinhCalculator:public:ch.obermuhlner.math.big.internal.SeriesCalculator::getCurrentFactor:protected:0::ch.obermuhlner.math.big.BigRational::3PP
ch.obermuhlner.math.big.internal:SinhCalculator:public:ch.obermuhlner.math.big.internal.SeriesCalculator::calculateNextFactor:protected:0::void::3PP
ch.obermuhlner.math.big.internal:SinhCalculator:public:ch.obermuhlner.math.big.internal.SeriesCalculator::createPowerIterator:protected:2:java.math.BigDecimal,java.math.MathContext:ch.obermuhlner.math.big.internal.PowerIterator::3PP
ch.obermuhlner.math.big.internal:SinhCalculator:public:ch.obermuhlner.math.big.internal.SeriesCalculator::<clinit>:static:0::void::3PP
ch.obermuhlner.math.big.stream:BigDecimalStream$BigDecimalSpliterator::java.util.Spliterators$AbstractSpliterator::<init>:public:4:java.math.BigDecimal,java.math.BigDecimal,long,java.math.MathContext:void::3PP
ch.obermuhlner.math.big.stream:BigDecimalStream$BigDecimalSpliterator::java.util.Spliterators$AbstractSpliterator::<init>:public:5:java.math.BigDecimal,java.math.BigDecimal,boolean,java.math.BigDecimal,java.math.MathContext:void::3PP
ch.obermuhlner.math.big.stream:BigDecimalStream$BigDecimalSpliterator::java.util.Spliterators$AbstractSpliterator::estimatedCount:private,static:5:java.math.BigDecimal,java.math.BigDecimal,boolean,java.math.BigDecimal,java.math.MathContext:long::3PP
ch.obermuhlner.math.big.stream:BigDecimalStream$BigDecimalSpliterator::java.util.Spliterators$AbstractSpliterator::getComparator:public:0::java.util.Comparator::3PP
ch.obermuhlner.math.big.stream:BigDecimalStream$BigDecimalSpliterator::java.util.Spliterators$AbstractSpliterator::tryAdvance:public:1:java.util.function.Consumer:boolean::3PP
ch.obermuhlner.math.big.stream:BigDecimalStream$BigDecimalSpliterator::java.util.Spliterators$AbstractSpliterator::forEachRemaining:public:1:java.util.function.Consumer:void::3PP
ch.obermuhlner.math.big.stream:BigDecimalStream$BigDecimalSpliterator::java.util.Spliterators$AbstractSpliterator::trySplit:public:0::java.util.Spliterator::3PP
ch.obermuhlner.math.big.stream:BigDecimalStream:public:java.lang.Object::<init>:public:0::void::3PP
ch.obermuhlner.math.big.stream:BigDecimalStream:public:java.lang.Object::range:public,static:4:java.math.BigDecimal,java.math.BigDecimal,java.math.BigDecimal,java.math.MathContext:java.util.stream.Stream::3PP
ch.obermuhlner.math.big.stream:BigDecimalStream:public:java.lang.Object::range:public,static:4:long,long,long,java.math.MathContext:java.util.stream.Stream::3PP
ch.obermuhlner.math.big.stream:BigDecimalStream:public:java.lang.Object::range:public,static:4:double,double,double,java.math.MathContext:java.util.stream.Stream::3PP
ch.obermuhlner.math.big.stream:BigDecimalStream:public:java.lang.Object::rangeClosed:public,static:4:java.math.BigDecimal,java.math.BigDecimal,java.math.BigDecimal,java.math.MathContext:java.util.stream.Stream::3PP
ch.obermuhlner.math.big.stream:BigDecimalStream:public:java.lang.Object::rangeClosed:public,static:4:long,long,long,java.math.MathContext:java.util.stream.Stream::3PP
ch.obermuhlner.math.big.stream:BigDecimalStream:public:java.lang.Object::rangeClosed:public,static:4:double,double,double,java.math.MathContext:java.util.stream.Stream::3PP
ch.obermuhlner.math.big.stream:BigFloatStream$BigFloatSpliterator::java.util.Spliterators$AbstractSpliterator::<init>:public:3:ch.obermuhlner.math.big.BigFloat,ch.obermuhlner.math.big.BigFloat,long:void::3PP
ch.obermuhlner.math.big.stream:BigFloatStream$BigFloatSpliterator::java.util.Spliterators$AbstractSpliterator::<init>:public:4:ch.obermuhlner.math.big.BigFloat,ch.obermuhlner.math.big.BigFloat,boolean,ch.obermuhlner.math.big.BigFloat:void::3PP
ch.obermuhlner.math.big.stream:BigFloatStream$BigFloatSpliterator::java.util.Spliterators$AbstractSpliterator::estimatedCount:private,static:4:ch.obermuhlner.math.big.BigFloat,ch.obermuhlner.math.big.BigFloat,boolean,ch.obermuhlner.math.big.BigFloat:long::3PP
ch.obermuhlner.math.big.stream:BigFloatStream$BigFloatSpliterator::java.util.Spliterators$AbstractSpliterator::getComparator:public:0::java.util.Comparator::3PP
ch.obermuhlner.math.big.stream:BigFloatStream$BigFloatSpliterator::java.util.Spliterators$AbstractSpliterator::tryAdvance:public:1:java.util.function.Consumer:boolean::3PP
ch.obermuhlner.math.big.stream:BigFloatStream$BigFloatSpliterator::java.util.Spliterators$AbstractSpliterator::forEachRemaining:public:1:java.util.function.Consumer:void::3PP
ch.obermuhlner.math.big.stream:BigFloatStream$BigFloatSpliterator::java.util.Spliterators$AbstractSpliterator::trySplit:public:0::java.util.Spliterator::3PP
ch.obermuhlner.math.big.stream:BigFloatStream:public:java.lang.Object::<init>:public:0::void::3PP
ch.obermuhlner.math.big.stream:BigFloatStream:public:java.lang.Object::range:public,static:3:ch.obermuhlner.math.big.BigFloat,ch.obermuhlner.math.big.BigFloat,ch.obermuhlner.math.big.BigFloat:java.util.stream.Stream::3PP
ch.obermuhlner.math.big.stream:BigFloatStream:public:java.lang.Object::range:public,static:4:long,long,long,ch.obermuhlner.math.big.BigFloat$Context:java.util.stream.Stream::3PP
ch.obermuhlner.math.big.stream:BigFloatStream:public:java.lang.Object::range:public,static:4:double,double,double,ch.obermuhlner.math.big.BigFloat$Context:java.util.stream.Stream::3PP
ch.obermuhlner.math.big.stream:BigFloatStream:public:java.lang.Object::rangeClosed:public,static:3:ch.obermuhlner.math.big.BigFloat,ch.obermuhlner.math.big.BigFloat,ch.obermuhlner.math.big.BigFloat:java.util.stream.Stream::3PP
ch.obermuhlner.math.big.stream:BigFloatStream:public:java.lang.Object::rangeClosed:public,static:4:long,long,long,ch.obermuhlner.math.big.BigFloat$Context:java.util.stream.Stream::3PP
ch.obermuhlner.math.big.stream:BigFloatStream:public:java.lang.Object::rangeClosed:public,static:4:double,double,double,ch.obermuhlner.math.big.BigFloat$Context:java.util.stream.Stream::3PP
