javax.servlet:Filter:public,abstract,interface:::init:public,abstract:1:javax.servlet.FilterConfig:void::3PP
javax.servlet:Filter:public,abstract,interface:::doFilter:public,abstract:3:javax.servlet.ServletRequest,javax.servlet.ServletResponse,javax.servlet.FilterChain:void::3PP
javax.servlet:Filter:public,abstract,interface:::destroy:public,abstract:0::void::3PP
javax.servlet:FilterChain:public,abstract,interface:::doFilter:public,abstract:2:javax.servlet.ServletRequest,javax.servlet.ServletResponse:void::3PP
javax.servlet:FilterConfig:public,abstract,interface:::getFilterName:public,abstract:0::java.lang.String::3PP
javax.servlet:FilterConfig:public,abstract,interface:::getServletContext:public,abstract:0::javax.servlet.ServletContext::3PP
javax.servlet:FilterConfig:public,abstract,interface:::getInitParameter:public,abstract:1:java.lang.String:java.lang.String::3PP
javax.servlet:FilterConfig:public,abstract,interface:::getInitParameterNames:public,abstract:0::java.util.Enumeration::3PP
javax.servlet:GenericServlet:public,abstract:java.lang.Object:javax.servlet.Servlet,javax.servlet.ServletConfig,java.io.Serializable:<init>:public:0::void::3PP
javax.servlet:GenericServlet:public,abstract:java.lang.Object:javax.servlet.Servlet,javax.servlet.ServletConfig,java.io.Serializable:destroy:public:0::void::3PP
javax.servlet:GenericServlet:public,abstract:java.lang.Object:javax.servlet.Servlet,javax.servlet.ServletConfig,java.io.Serializable:getInitParameter:public:1:java.lang.String:java.lang.String::3PP
javax.servlet:GenericServlet:public,abstract:java.lang.Object:javax.servlet.Servlet,javax.servlet.ServletConfig,java.io.Serializable:getInitParameterNames:public:0::java.util.Enumeration::3PP
javax.servlet:GenericServlet:public,abstract:java.lang.Object:javax.servlet.Servlet,javax.servlet.ServletConfig,java.io.Serializable:getServletConfig:public:0::javax.servlet.ServletConfig::3PP
javax.servlet:GenericServlet:public,abstract:java.lang.Object:javax.servlet.Servlet,javax.servlet.ServletConfig,java.io.Serializable:getServletContext:public:0::javax.servlet.ServletContext::3PP
javax.servlet:GenericServlet:public,abstract:java.lang.Object:javax.servlet.Servlet,javax.servlet.ServletConfig,java.io.Serializable:getServletInfo:public:0::java.lang.String::3PP
javax.servlet:GenericServlet:public,abstract:java.lang.Object:javax.servlet.Servlet,javax.servlet.ServletConfig,java.io.Serializable:init:public:1:javax.servlet.ServletConfig:void::3PP
javax.servlet:GenericServlet:public,abstract:java.lang.Object:javax.servlet.Servlet,javax.servlet.ServletConfig,java.io.Serializable:init:public:0::void::3PP
javax.servlet:GenericServlet:public,abstract:java.lang.Object:javax.servlet.Servlet,javax.servlet.ServletConfig,java.io.Serializable:log:public:1:java.lang.String:void::3PP
javax.servlet:GenericServlet:public,abstract:java.lang.Object:javax.servlet.Servlet,javax.servlet.ServletConfig,java.io.Serializable:log:public:2:java.lang.String,java.lang.Throwable:void::3PP
javax.servlet:GenericServlet:public,abstract:java.lang.Object:javax.servlet.Servlet,javax.servlet.ServletConfig,java.io.Serializable:service:public,abstract:2:javax.servlet.ServletRequest,javax.servlet.ServletResponse:void::3PP
javax.servlet:GenericServlet:public,abstract:java.lang.Object:javax.servlet.Servlet,javax.servlet.ServletConfig,java.io.Serializable:getServletName:public:0::java.lang.String::3PP
javax.servlet.http:Cookie:public:java.lang.Object:java.lang.Cloneable:<init>:public:2:java.lang.String,java.lang.String:void::3PP
javax.servlet.http:Cookie:public:java.lang.Object:java.lang.Cloneable:setComment:public:1:java.lang.String:void::3PP
javax.servlet.http:Cookie:public:java.lang.Object:java.lang.Cloneable:getComment:public:0::java.lang.String::3PP
javax.servlet.http:Cookie:public:java.lang.Object:java.lang.Cloneable:setDomain:public:1:java.lang.String:void::3PP
javax.servlet.http:Cookie:public:java.lang.Object:java.lang.Cloneable:getDomain:public:0::java.lang.String::3PP
javax.servlet.http:Cookie:public:java.lang.Object:java.lang.Cloneable:setMaxAge:public:1:int:void::3PP
javax.servlet.http:Cookie:public:java.lang.Object:java.lang.Cloneable:getMaxAge:public:0::int::3PP
javax.servlet.http:Cookie:public:java.lang.Object:java.lang.Cloneable:setPath:public:1:java.lang.String:void::3PP
javax.servlet.http:Cookie:public:java.lang.Object:java.lang.Cloneable:getPath:public:0::java.lang.String::3PP
javax.servlet.http:Cookie:public:java.lang.Object:java.lang.Cloneable:setSecure:public:1:boolean:void::3PP
javax.servlet.http:Cookie:public:java.lang.Object:java.lang.Cloneable:getSecure:public:0::boolean::3PP
javax.servlet.http:Cookie:public:java.lang.Object:java.lang.Cloneable:getName:public:0::java.lang.String::3PP
javax.servlet.http:Cookie:public:java.lang.Object:java.lang.Cloneable:setValue:public:1:java.lang.String:void::3PP
javax.servlet.http:Cookie:public:java.lang.Object:java.lang.Cloneable:getValue:public:0::java.lang.String::3PP
javax.servlet.http:Cookie:public:java.lang.Object:java.lang.Cloneable:getVersion:public:0::int::3PP
javax.servlet.http:Cookie:public:java.lang.Object:java.lang.Cloneable:setVersion:public:1:int:void::3PP
javax.servlet.http:Cookie:public:java.lang.Object:java.lang.Cloneable:isToken:private:1:java.lang.String:boolean::3PP
javax.servlet.http:Cookie:public:java.lang.Object:java.lang.Cloneable:clone:public:0::java.lang.Object::3PP
javax.servlet.http:Cookie:public:java.lang.Object:java.lang.Cloneable:<clinit>:static:0::void::3PP
javax.servlet.http:HttpServlet:public,abstract:javax.servlet.GenericServlet:java.io.Serializable:<init>:public:0::void::3PP
javax.servlet.http:HttpServlet:public,abstract:javax.servlet.GenericServlet:java.io.Serializable:doGet:protected:2:javax.servlet.http.HttpServletRequest,javax.servlet.http.HttpServletResponse:void::3PP
javax.servlet.http:HttpServlet:public,abstract:javax.servlet.GenericServlet:java.io.Serializable:getLastModified:protected:1:javax.servlet.http.HttpServletRequest:long::3PP
javax.servlet.http:HttpServlet:public,abstract:javax.servlet.GenericServlet:java.io.Serializable:doHead:protected:2:javax.servlet.http.HttpServletRequest,javax.servlet.http.HttpServletResponse:void::3PP
javax.servlet.http:HttpServlet:public,abstract:javax.servlet.GenericServlet:java.io.Serializable:doPost:protected:2:javax.servlet.http.HttpServletRequest,javax.servlet.http.HttpServletResponse:void::3PP
javax.servlet.http:HttpServlet:public,abstract:javax.servlet.GenericServlet:java.io.Serializable:doPut:protected:2:javax.servlet.http.HttpServletRequest,javax.servlet.http.HttpServletResponse:void::3PP
javax.servlet.http:HttpServlet:public,abstract:javax.servlet.GenericServlet:java.io.Serializable:doDelete:protected:2:javax.servlet.http.HttpServletRequest,javax.servlet.http.HttpServletResponse:void::3PP
javax.servlet.http:HttpServlet:public,abstract:javax.servlet.GenericServlet:java.io.Serializable:getAllDeclaredMethods:private:1:java.lang.Class:java.lang.reflect.Method[]::3PP
javax.servlet.http:HttpServlet:public,abstract:javax.servlet.GenericServlet:java.io.Serializable:doOptions:protected:2:javax.servlet.http.HttpServletRequest,javax.servlet.http.HttpServletResponse:void::3PP
javax.servlet.http:HttpServlet:public,abstract:javax.servlet.GenericServlet:java.io.Serializable:doTrace:protected:2:javax.servlet.http.HttpServletRequest,javax.servlet.http.HttpServletResponse:void::3PP
javax.servlet.http:HttpServlet:public,abstract:javax.servlet.GenericServlet:java.io.Serializable:service:protected:2:javax.servlet.http.HttpServletRequest,javax.servlet.http.HttpServletResponse:void::3PP
javax.servlet.http:HttpServlet:public,abstract:javax.servlet.GenericServlet:java.io.Serializable:maybeSetLastModified:private:2:javax.servlet.http.HttpServletResponse,long:void::3PP
javax.servlet.http:HttpServlet:public,abstract:javax.servlet.GenericServlet:java.io.Serializable:service:public:2:javax.servlet.ServletRequest,javax.servlet.ServletResponse:void::3PP
javax.servlet.http:HttpServlet:public,abstract:javax.servlet.GenericServlet:java.io.Serializable:<clinit>:static:0::void::3PP
javax.servlet.http:HttpServletRequest:public,abstract,interface::javax.servlet.ServletRequest:getAuthType:public,abstract:0::java.lang.String::3PP
javax.servlet.http:HttpServletRequest:public,abstract,interface::javax.servlet.ServletRequest:getCookies:public,abstract:0::javax.servlet.http.Cookie[]::3PP
javax.servlet.http:HttpServletRequest:public,abstract,interface::javax.servlet.ServletRequest:getDateHeader:public,abstract:1:java.lang.String:long::3PP
javax.servlet.http:HttpServletRequest:public,abstract,interface::javax.servlet.ServletRequest:getHeader:public,abstract:1:java.lang.String:java.lang.String::3PP
javax.servlet.http:HttpServletRequest:public,abstract,interface::javax.servlet.ServletRequest:getHeaders:public,abstract:1:java.lang.String:java.util.Enumeration::3PP
javax.servlet.http:HttpServletRequest:public,abstract,interface::javax.servlet.ServletRequest:getHeaderNames:public,abstract:0::java.util.Enumeration::3PP
javax.servlet.http:HttpServletRequest:public,abstract,interface::javax.servlet.ServletRequest:getIntHeader:public,abstract:1:java.lang.String:int::3PP
javax.servlet.http:HttpServletRequest:public,abstract,interface::javax.servlet.ServletRequest:getMethod:public,abstract:0::java.lang.String::3PP
javax.servlet.http:HttpServletRequest:public,abstract,interface::javax.servlet.ServletRequest:getPathInfo:public,abstract:0::java.lang.String::3PP
javax.servlet.http:HttpServletRequest:public,abstract,interface::javax.servlet.ServletRequest:getPathTranslated:public,abstract:0::java.lang.String::3PP
javax.servlet.http:HttpServletRequest:public,abstract,interface::javax.servlet.ServletRequest:getContextPath:public,abstract:0::java.lang.String::3PP
javax.servlet.http:HttpServletRequest:public,abstract,interface::javax.servlet.ServletRequest:getQueryString:public,abstract:0::java.lang.String::3PP
javax.servlet.http:HttpServletRequest:public,abstract,interface::javax.servlet.ServletRequest:getRemoteUser:public,abstract:0::java.lang.String::3PP
javax.servlet.http:HttpServletRequest:public,abstract,interface::javax.servlet.ServletRequest:isUserInRole:public,abstract:1:java.lang.String:boolean::3PP
javax.servlet.http:HttpServletRequest:public,abstract,interface::javax.servlet.ServletRequest:getUserPrincipal:public,abstract:0::java.security.Principal::3PP
javax.servlet.http:HttpServletRequest:public,abstract,interface::javax.servlet.ServletRequest:getRequestedSessionId:public,abstract:0::java.lang.String::3PP
javax.servlet.http:HttpServletRequest:public,abstract,interface::javax.servlet.ServletRequest:getRequestURI:public,abstract:0::java.lang.String::3PP
javax.servlet.http:HttpServletRequest:public,abstract,interface::javax.servlet.ServletRequest:getRequestURL:public,abstract:0::java.lang.StringBuffer::3PP
javax.servlet.http:HttpServletRequest:public,abstract,interface::javax.servlet.ServletRequest:getServletPath:public,abstract:0::java.lang.String::3PP
javax.servlet.http:HttpServletRequest:public,abstract,interface::javax.servlet.ServletRequest:getSession:public,abstract:1:boolean:javax.servlet.http.HttpSession::3PP
javax.servlet.http:HttpServletRequest:public,abstract,interface::javax.servlet.ServletRequest:getSession:public,abstract:0::javax.servlet.http.HttpSession::3PP
javax.servlet.http:HttpServletRequest:public,abstract,interface::javax.servlet.ServletRequest:isRequestedSessionIdValid:public,abstract:0::boolean::3PP
javax.servlet.http:HttpServletRequest:public,abstract,interface::javax.servlet.ServletRequest:isRequestedSessionIdFromCookie:public,abstract:0::boolean::3PP
javax.servlet.http:HttpServletRequest:public,abstract,interface::javax.servlet.ServletRequest:isRequestedSessionIdFromURL:public,abstract:0::boolean::3PP
javax.servlet.http:HttpServletRequest:public,abstract,interface::javax.servlet.ServletRequest:isRequestedSessionIdFromUrl:public,abstract:0::boolean::3PP
javax.servlet.http:HttpServletRequestWrapper:public:javax.servlet.ServletRequestWrapper:javax.servlet.http.HttpServletRequest:<init>:public:1:javax.servlet.http.HttpServletRequest:void::3PP
javax.servlet.http:HttpServletRequestWrapper:public:javax.servlet.ServletRequestWrapper:javax.servlet.http.HttpServletRequest:_getHttpServletRequest:private:0::javax.servlet.http.HttpServletRequest::3PP
javax.servlet.http:HttpServletRequestWrapper:public:javax.servlet.ServletRequestWrapper:javax.servlet.http.HttpServletRequest:getAuthType:public:0::java.lang.String::3PP
javax.servlet.http:HttpServletRequestWrapper:public:javax.servlet.ServletRequestWrapper:javax.servlet.http.HttpServletRequest:getCookies:public:0::javax.servlet.http.Cookie[]::3PP
javax.servlet.http:HttpServletRequestWrapper:public:javax.servlet.ServletRequestWrapper:javax.servlet.http.HttpServletRequest:getDateHeader:public:1:java.lang.String:long::3PP
javax.servlet.http:HttpServletRequestWrapper:public:javax.servlet.ServletRequestWrapper:javax.servlet.http.HttpServletRequest:getHeader:public:1:java.lang.String:java.lang.String::3PP
javax.servlet.http:HttpServletRequestWrapper:public:javax.servlet.ServletRequestWrapper:javax.servlet.http.HttpServletRequest:getHeaders:public:1:java.lang.String:java.util.Enumeration::3PP
javax.servlet.http:HttpServletRequestWrapper:public:javax.servlet.ServletRequestWrapper:javax.servlet.http.HttpServletRequest:getHeaderNames:public:0::java.util.Enumeration::3PP
javax.servlet.http:HttpServletRequestWrapper:public:javax.servlet.ServletRequestWrapper:javax.servlet.http.HttpServletRequest:getIntHeader:public:1:java.lang.String:int::3PP
javax.servlet.http:HttpServletRequestWrapper:public:javax.servlet.ServletRequestWrapper:javax.servlet.http.HttpServletRequest:getMethod:public:0::java.lang.String::3PP
javax.servlet.http:HttpServletRequestWrapper:public:javax.servlet.ServletRequestWrapper:javax.servlet.http.HttpServletRequest:getPathInfo:public:0::java.lang.String::3PP
javax.servlet.http:HttpServletRequestWrapper:public:javax.servlet.ServletRequestWrapper:javax.servlet.http.HttpServletRequest:getPathTranslated:public:0::java.lang.String::3PP
javax.servlet.http:HttpServletRequestWrapper:public:javax.servlet.ServletRequestWrapper:javax.servlet.http.HttpServletRequest:getContextPath:public:0::java.lang.String::3PP
javax.servlet.http:HttpServletRequestWrapper:public:javax.servlet.ServletRequestWrapper:javax.servlet.http.HttpServletRequest:getQueryString:public:0::java.lang.String::3PP
javax.servlet.http:HttpServletRequestWrapper:public:javax.servlet.ServletRequestWrapper:javax.servlet.http.HttpServletRequest:getRemoteUser:public:0::java.lang.String::3PP
javax.servlet.http:HttpServletRequestWrapper:public:javax.servlet.ServletRequestWrapper:javax.servlet.http.HttpServletRequest:isUserInRole:public:1:java.lang.String:boolean::3PP
javax.servlet.http:HttpServletRequestWrapper:public:javax.servlet.ServletRequestWrapper:javax.servlet.http.HttpServletRequest:getUserPrincipal:public:0::java.security.Principal::3PP
javax.servlet.http:HttpServletRequestWrapper:public:javax.servlet.ServletRequestWrapper:javax.servlet.http.HttpServletRequest:getRequestedSessionId:public:0::java.lang.String::3PP
javax.servlet.http:HttpServletRequestWrapper:public:javax.servlet.ServletRequestWrapper:javax.servlet.http.HttpServletRequest:getRequestURI:public:0::java.lang.String::3PP
javax.servlet.http:HttpServletRequestWrapper:public:javax.servlet.ServletRequestWrapper:javax.servlet.http.HttpServletRequest:getRequestURL:public:0::java.lang.StringBuffer::3PP
javax.servlet.http:HttpServletRequestWrapper:public:javax.servlet.ServletRequestWrapper:javax.servlet.http.HttpServletRequest:getServletPath:public:0::java.lang.String::3PP
javax.servlet.http:HttpServletRequestWrapper:public:javax.servlet.ServletRequestWrapper:javax.servlet.http.HttpServletRequest:getSession:public:1:boolean:javax.servlet.http.HttpSession::3PP
javax.servlet.http:HttpServletRequestWrapper:public:javax.servlet.ServletRequestWrapper:javax.servlet.http.HttpServletRequest:getSession:public:0::javax.servlet.http.HttpSession::3PP
javax.servlet.http:HttpServletRequestWrapper:public:javax.servlet.ServletRequestWrapper:javax.servlet.http.HttpServletRequest:isRequestedSessionIdValid:public:0::boolean::3PP
javax.servlet.http:HttpServletRequestWrapper:public:javax.servlet.ServletRequestWrapper:javax.servlet.http.HttpServletRequest:isRequestedSessionIdFromCookie:public:0::boolean::3PP
javax.servlet.http:HttpServletRequestWrapper:public:javax.servlet.ServletRequestWrapper:javax.servlet.http.HttpServletRequest:isRequestedSessionIdFromURL:public:0::boolean::3PP
javax.servlet.http:HttpServletRequestWrapper:public:javax.servlet.ServletRequestWrapper:javax.servlet.http.HttpServletRequest:isRequestedSessionIdFromUrl:public:0::boolean::3PP
javax.servlet.http:HttpServletResponse:public,abstract,interface::javax.servlet.ServletResponse:addCookie:public,abstract:1:javax.servlet.http.Cookie:void::3PP
javax.servlet.http:HttpServletResponse:public,abstract,interface::javax.servlet.ServletResponse:containsHeader:public,abstract:1:java.lang.String:boolean::3PP
javax.servlet.http:HttpServletResponse:public,abstract,interface::javax.servlet.ServletResponse:encodeURL:public,abstract:1:java.lang.String:java.lang.String::3PP
javax.servlet.http:HttpServletResponse:public,abstract,interface::javax.servlet.ServletResponse:encodeRedirectURL:public,abstract:1:java.lang.String:java.lang.String::3PP
javax.servlet.http:HttpServletResponse:public,abstract,interface::javax.servlet.ServletResponse:encodeUrl:public,abstract:1:java.lang.String:java.lang.String::3PP
javax.servlet.http:HttpServletResponse:public,abstract,interface::javax.servlet.ServletResponse:encodeRedirectUrl:public,abstract:1:java.lang.String:java.lang.String::3PP
javax.servlet.http:HttpServletResponse:public,abstract,interface::javax.servlet.ServletResponse:sendError:public,abstract:2:int,java.lang.String:void::3PP
javax.servlet.http:HttpServletResponse:public,abstract,interface::javax.servlet.ServletResponse:sendError:public,abstract:1:int:void::3PP
javax.servlet.http:HttpServletResponse:public,abstract,interface::javax.servlet.ServletResponse:sendRedirect:public,abstract:1:java.lang.String:void::3PP
javax.servlet.http:HttpServletResponse:public,abstract,interface::javax.servlet.ServletResponse:setDateHeader:public,abstract:2:java.lang.String,long:void::3PP
javax.servlet.http:HttpServletResponse:public,abstract,interface::javax.servlet.ServletResponse:addDateHeader:public,abstract:2:java.lang.String,long:void::3PP
javax.servlet.http:HttpServletResponse:public,abstract,interface::javax.servlet.ServletResponse:setHeader:public,abstract:2:java.lang.String,java.lang.String:void::3PP
javax.servlet.http:HttpServletResponse:public,abstract,interface::javax.servlet.ServletResponse:addHeader:public,abstract:2:java.lang.String,java.lang.String:void::3PP
javax.servlet.http:HttpServletResponse:public,abstract,interface::javax.servlet.ServletResponse:setIntHeader:public,abstract:2:java.lang.String,int:void::3PP
javax.servlet.http:HttpServletResponse:public,abstract,interface::javax.servlet.ServletResponse:addIntHeader:public,abstract:2:java.lang.String,int:void::3PP
javax.servlet.http:HttpServletResponse:public,abstract,interface::javax.servlet.ServletResponse:setStatus:public,abstract:1:int:void::3PP
javax.servlet.http:HttpServletResponse:public,abstract,interface::javax.servlet.ServletResponse:setStatus:public,abstract:2:int,java.lang.String:void::3PP
javax.servlet.http:HttpServletResponseWrapper:public:javax.servlet.ServletResponseWrapper:javax.servlet.http.HttpServletResponse:<init>:public:1:javax.servlet.http.HttpServletResponse:void::3PP
javax.servlet.http:HttpServletResponseWrapper:public:javax.servlet.ServletResponseWrapper:javax.servlet.http.HttpServletResponse:_getHttpServletResponse:private:0::javax.servlet.http.HttpServletResponse::3PP
javax.servlet.http:HttpServletResponseWrapper:public:javax.servlet.ServletResponseWrapper:javax.servlet.http.HttpServletResponse:addCookie:public:1:javax.servlet.http.Cookie:void::3PP
javax.servlet.http:HttpServletResponseWrapper:public:javax.servlet.ServletResponseWrapper:javax.servlet.http.HttpServletResponse:containsHeader:public:1:java.lang.String:boolean::3PP
javax.servlet.http:HttpServletResponseWrapper:public:javax.servlet.ServletResponseWrapper:javax.servlet.http.HttpServletResponse:encodeURL:public:1:java.lang.String:java.lang.String::3PP
javax.servlet.http:HttpServletResponseWrapper:public:javax.servlet.ServletResponseWrapper:javax.servlet.http.HttpServletResponse:encodeRedirectURL:public:1:java.lang.String:java.lang.String::3PP
javax.servlet.http:HttpServletResponseWrapper:public:javax.servlet.ServletResponseWrapper:javax.servlet.http.HttpServletResponse:encodeUrl:public:1:java.lang.String:java.lang.String::3PP
javax.servlet.http:HttpServletResponseWrapper:public:javax.servlet.ServletResponseWrapper:javax.servlet.http.HttpServletResponse:encodeRedirectUrl:public:1:java.lang.String:java.lang.String::3PP
javax.servlet.http:HttpServletResponseWrapper:public:javax.servlet.ServletResponseWrapper:javax.servlet.http.HttpServletResponse:sendError:public:2:int,java.lang.String:void::3PP
javax.servlet.http:HttpServletResponseWrapper:public:javax.servlet.ServletResponseWrapper:javax.servlet.http.HttpServletResponse:sendError:public:1:int:void::3PP
javax.servlet.http:HttpServletResponseWrapper:public:javax.servlet.ServletResponseWrapper:javax.servlet.http.HttpServletResponse:sendRedirect:public:1:java.lang.String:void::3PP
javax.servlet.http:HttpServletResponseWrapper:public:javax.servlet.ServletResponseWrapper:javax.servlet.http.HttpServletResponse:setDateHeader:public:2:java.lang.String,long:void::3PP
javax.servlet.http:HttpServletResponseWrapper:public:javax.servlet.ServletResponseWrapper:javax.servlet.http.HttpServletResponse:addDateHeader:public:2:java.lang.String,long:void::3PP
javax.servlet.http:HttpServletResponseWrapper:public:javax.servlet.ServletResponseWrapper:javax.servlet.http.HttpServletResponse:setHeader:public:2:java.lang.String,java.lang.String:void::3PP
javax.servlet.http:HttpServletResponseWrapper:public:javax.servlet.ServletResponseWrapper:javax.servlet.http.HttpServletResponse:addHeader:public:2:java.lang.String,java.lang.String:void::3PP
javax.servlet.http:HttpServletResponseWrapper:public:javax.servlet.ServletResponseWrapper:javax.servlet.http.HttpServletResponse:setIntHeader:public:2:java.lang.String,int:void::3PP
javax.servlet.http:HttpServletResponseWrapper:public:javax.servlet.ServletResponseWrapper:javax.servlet.http.HttpServletResponse:addIntHeader:public:2:java.lang.String,int:void::3PP
javax.servlet.http:HttpServletResponseWrapper:public:javax.servlet.ServletResponseWrapper:javax.servlet.http.HttpServletResponse:setStatus:public:1:int:void::3PP
javax.servlet.http:HttpServletResponseWrapper:public:javax.servlet.ServletResponseWrapper:javax.servlet.http.HttpServletResponse:setStatus:public:2:int,java.lang.String:void::3PP
javax.servlet.http:HttpSession:public,abstract,interface:::getCreationTime:public,abstract:0::long::3PP
javax.servlet.http:HttpSession:public,abstract,interface:::getId:public,abstract:0::java.lang.String::3PP
javax.servlet.http:HttpSession:public,abstract,interface:::getLastAccessedTime:public,abstract:0::long::3PP
javax.servlet.http:HttpSession:public,abstract,interface:::getServletContext:public,abstract:0::javax.servlet.ServletContext::3PP
javax.servlet.http:HttpSession:public,abstract,interface:::setMaxInactiveInterval:public,abstract:1:int:void::3PP
javax.servlet.http:HttpSession:public,abstract,interface:::getMaxInactiveInterval:public,abstract:0::int::3PP
javax.servlet.http:HttpSession:public,abstract,interface:::getSessionContext:public,abstract:0::javax.servlet.http.HttpSessionContext::3PP
javax.servlet.http:HttpSession:public,abstract,interface:::getAttribute:public,abstract:1:java.lang.String:java.lang.Object::3PP
javax.servlet.http:HttpSession:public,abstract,interface:::getValue:public,abstract:1:java.lang.String:java.lang.Object::3PP
javax.servlet.http:HttpSession:public,abstract,interface:::getAttributeNames:public,abstract:0::java.util.Enumeration::3PP
javax.servlet.http:HttpSession:public,abstract,interface:::getValueNames:public,abstract:0::java.lang.String[]::3PP
javax.servlet.http:HttpSession:public,abstract,interface:::setAttribute:public,abstract:2:java.lang.String,java.lang.Object:void::3PP
javax.servlet.http:HttpSession:public,abstract,interface:::putValue:public,abstract:2:java.lang.String,java.lang.Object:void::3PP
javax.servlet.http:HttpSession:public,abstract,interface:::removeAttribute:public,abstract:1:java.lang.String:void::3PP
javax.servlet.http:HttpSession:public,abstract,interface:::removeValue:public,abstract:1:java.lang.String:void::3PP
javax.servlet.http:HttpSession:public,abstract,interface:::invalidate:public,abstract:0::void::3PP
javax.servlet.http:HttpSession:public,abstract,interface:::isNew:public,abstract:0::boolean::3PP
javax.servlet.http:HttpSessionActivationListener:public,abstract,interface::java.util.EventListener:sessionWillPassivate:public,abstract:1:javax.servlet.http.HttpSessionEvent:void::3PP
javax.servlet.http:HttpSessionActivationListener:public,abstract,interface::java.util.EventListener:sessionDidActivate:public,abstract:1:javax.servlet.http.HttpSessionEvent:void::3PP
javax.servlet.http:HttpSessionAttributeListener:public,abstract,interface::java.util.EventListener:attributeAdded:public,abstract:1:javax.servlet.http.HttpSessionBindingEvent:void::3PP
javax.servlet.http:HttpSessionAttributeListener:public,abstract,interface::java.util.EventListener:attributeRemoved:public,abstract:1:javax.servlet.http.HttpSessionBindingEvent:void::3PP
javax.servlet.http:HttpSessionAttributeListener:public,abstract,interface::java.util.EventListener:attributeReplaced:public,abstract:1:javax.servlet.http.HttpSessionBindingEvent:void::3PP
javax.servlet.http:HttpSessionBindingEvent:public:javax.servlet.http.HttpSessionEvent::<init>:public:2:javax.servlet.http.HttpSession,java.lang.String:void::3PP
javax.servlet.http:HttpSessionBindingEvent:public:javax.servlet.http.HttpSessionEvent::<init>:public:3:javax.servlet.http.HttpSession,java.lang.String,java.lang.Object:void::3PP
javax.servlet.http:HttpSessionBindingEvent:public:javax.servlet.http.HttpSessionEvent::getSession:public:0::javax.servlet.http.HttpSession::3PP
javax.servlet.http:HttpSessionBindingEvent:public:javax.servlet.http.HttpSessionEvent::getName:public:0::java.lang.String::3PP
javax.servlet.http:HttpSessionBindingEvent:public:javax.servlet.http.HttpSessionEvent::getValue:public:0::java.lang.Object::3PP
javax.servlet.http:HttpSessionBindingListener:public,abstract,interface::java.util.EventListener:valueBound:public,abstract:1:javax.servlet.http.HttpSessionBindingEvent:void::3PP
javax.servlet.http:HttpSessionBindingListener:public,abstract,interface::java.util.EventListener:valueUnbound:public,abstract:1:javax.servlet.http.HttpSessionBindingEvent:void::3PP
javax.servlet.http:HttpSessionContext:public,abstract,interface:::getSession:public,abstract:1:java.lang.String:javax.servlet.http.HttpSession::3PP
javax.servlet.http:HttpSessionContext:public,abstract,interface:::getIds:public,abstract:0::java.util.Enumeration::3PP
javax.servlet.http:HttpSessionEvent:public:java.util.EventObject::<init>:public:1:javax.servlet.http.HttpSession:void::3PP
javax.servlet.http:HttpSessionEvent:public:java.util.EventObject::getSession:public:0::javax.servlet.http.HttpSession::3PP
javax.servlet.http:HttpSessionListener:public,abstract,interface::java.util.EventListener:sessionCreated:public,abstract:1:javax.servlet.http.HttpSessionEvent:void::3PP
javax.servlet.http:HttpSessionListener:public,abstract,interface::java.util.EventListener:sessionDestroyed:public,abstract:1:javax.servlet.http.HttpSessionEvent:void::3PP
javax.servlet.http:HttpUtils:public:java.lang.Object::<init>:public:0::void::3PP
javax.servlet.http:HttpUtils:public:java.lang.Object::parseQueryString:public,static:1:java.lang.String:java.util.Hashtable::3PP
javax.servlet.http:HttpUtils:public:java.lang.Object::parsePostData:public,static:2:int,javax.servlet.ServletInputStream:java.util.Hashtable::3PP
javax.servlet.http:HttpUtils:public:java.lang.Object::parseName:private,static:2:java.lang.String,java.lang.StringBuffer:java.lang.String::3PP
javax.servlet.http:HttpUtils:public:java.lang.Object::getRequestURL:public,static:1:javax.servlet.http.HttpServletRequest:java.lang.StringBuffer::3PP
javax.servlet.http:HttpUtils:public:java.lang.Object::<clinit>:static:0::void::3PP
javax.servlet.http:NoBodyOutputStream::javax.servlet.ServletOutputStream::<init>::0::void::3PP
javax.servlet.http:NoBodyOutputStream::javax.servlet.ServletOutputStream::getContentLength::0::int::3PP
javax.servlet.http:NoBodyOutputStream::javax.servlet.ServletOutputStream::write:public:1:int:void::3PP
javax.servlet.http:NoBodyOutputStream::javax.servlet.ServletOutputStream::write:public:3:byte[],int,int:void::3PP
javax.servlet.http:NoBodyOutputStream::javax.servlet.ServletOutputStream::<clinit>:static:0::void::3PP
javax.servlet.http:NoBodyResponse::java.lang.Object:javax.servlet.http.HttpServletResponse:<init>::1:javax.servlet.http.HttpServletResponse:void::3PP
javax.servlet.http:NoBodyResponse::java.lang.Object:javax.servlet.http.HttpServletResponse:setContentLength::0::void::3PP
javax.servlet.http:NoBodyResponse::java.lang.Object:javax.servlet.http.HttpServletResponse:setContentLength:public:1:int:void::3PP
javax.servlet.http:NoBodyResponse::java.lang.Object:javax.servlet.http.HttpServletResponse:setContentType:public:1:java.lang.String:void::3PP
javax.servlet.http:NoBodyResponse::java.lang.Object:javax.servlet.http.HttpServletResponse:getOutputStream:public:0::javax.servlet.ServletOutputStream::3PP
javax.servlet.http:NoBodyResponse::java.lang.Object:javax.servlet.http.HttpServletResponse:getCharacterEncoding:public:0::java.lang.String::3PP
javax.servlet.http:NoBodyResponse::java.lang.Object:javax.servlet.http.HttpServletResponse:getWriter:public:0::java.io.PrintWriter::3PP
javax.servlet.http:NoBodyResponse::java.lang.Object:javax.servlet.http.HttpServletResponse:setBufferSize:public:1:int:void::3PP
javax.servlet.http:NoBodyResponse::java.lang.Object:javax.servlet.http.HttpServletResponse:getBufferSize:public:0::int::3PP
javax.servlet.http:NoBodyResponse::java.lang.Object:javax.servlet.http.HttpServletResponse:reset:public:0::void::3PP
javax.servlet.http:NoBodyResponse::java.lang.Object:javax.servlet.http.HttpServletResponse:resetBuffer:public:0::void::3PP
javax.servlet.http:NoBodyResponse::java.lang.Object:javax.servlet.http.HttpServletResponse:isCommitted:public:0::boolean::3PP
javax.servlet.http:NoBodyResponse::java.lang.Object:javax.servlet.http.HttpServletResponse:flushBuffer:public:0::void::3PP
javax.servlet.http:NoBodyResponse::java.lang.Object:javax.servlet.http.HttpServletResponse:setLocale:public:1:java.util.Locale:void::3PP
javax.servlet.http:NoBodyResponse::java.lang.Object:javax.servlet.http.HttpServletResponse:getLocale:public:0::java.util.Locale::3PP
javax.servlet.http:NoBodyResponse::java.lang.Object:javax.servlet.http.HttpServletResponse:addCookie:public:1:javax.servlet.http.Cookie:void::3PP
javax.servlet.http:NoBodyResponse::java.lang.Object:javax.servlet.http.HttpServletResponse:containsHeader:public:1:java.lang.String:boolean::3PP
javax.servlet.http:NoBodyResponse::java.lang.Object:javax.servlet.http.HttpServletResponse:setStatus:public:2:int,java.lang.String:void::3PP
javax.servlet.http:NoBodyResponse::java.lang.Object:javax.servlet.http.HttpServletResponse:setStatus:public:1:int:void::3PP
javax.servlet.http:NoBodyResponse::java.lang.Object:javax.servlet.http.HttpServletResponse:setHeader:public:2:java.lang.String,java.lang.String:void::3PP
javax.servlet.http:NoBodyResponse::java.lang.Object:javax.servlet.http.HttpServletResponse:setIntHeader:public:2:java.lang.String,int:void::3PP
javax.servlet.http:NoBodyResponse::java.lang.Object:javax.servlet.http.HttpServletResponse:setDateHeader:public:2:java.lang.String,long:void::3PP
javax.servlet.http:NoBodyResponse::java.lang.Object:javax.servlet.http.HttpServletResponse:sendError:public:2:int,java.lang.String:void::3PP
javax.servlet.http:NoBodyResponse::java.lang.Object:javax.servlet.http.HttpServletResponse:sendError:public:1:int:void::3PP
javax.servlet.http:NoBodyResponse::java.lang.Object:javax.servlet.http.HttpServletResponse:sendRedirect:public:1:java.lang.String:void::3PP
javax.servlet.http:NoBodyResponse::java.lang.Object:javax.servlet.http.HttpServletResponse:encodeURL:public:1:java.lang.String:java.lang.String::3PP
javax.servlet.http:NoBodyResponse::java.lang.Object:javax.servlet.http.HttpServletResponse:encodeRedirectURL:public:1:java.lang.String:java.lang.String::3PP
javax.servlet.http:NoBodyResponse::java.lang.Object:javax.servlet.http.HttpServletResponse:addHeader:public:2:java.lang.String,java.lang.String:void::3PP
javax.servlet.http:NoBodyResponse::java.lang.Object:javax.servlet.http.HttpServletResponse:addDateHeader:public:2:java.lang.String,long:void::3PP
javax.servlet.http:NoBodyResponse::java.lang.Object:javax.servlet.http.HttpServletResponse:addIntHeader:public:2:java.lang.String,int:void::3PP
javax.servlet.http:NoBodyResponse::java.lang.Object:javax.servlet.http.HttpServletResponse:encodeUrl:public:1:java.lang.String:java.lang.String::3PP
javax.servlet.http:NoBodyResponse::java.lang.Object:javax.servlet.http.HttpServletResponse:encodeRedirectUrl:public:1:java.lang.String:java.lang.String::3PP
javax.servlet.jsp:HttpJspPage:public,abstract,interface::javax.servlet.jsp.JspPage:_jspService:public,abstract:2:javax.servlet.http.HttpServletRequest,javax.servlet.http.HttpServletResponse:void::3PP
javax.servlet.jsp:JspEngineInfo:public,abstract:java.lang.Object::<init>:public:0::void::3PP
javax.servlet.jsp:JspEngineInfo:public,abstract:java.lang.Object::getSpecificationVersion:public,abstract:0::java.lang.String::3PP
javax.servlet.jsp:JspException:public:java.lang.Exception::<init>:public:0::void::3PP
javax.servlet.jsp:JspException:public:java.lang.Exception::<init>:public:1:java.lang.String:void::3PP
javax.servlet.jsp:JspException:public:java.lang.Exception::<init>:public:2:java.lang.String,java.lang.Throwable:void::3PP
javax.servlet.jsp:JspException:public:java.lang.Exception::<init>:public:1:java.lang.Throwable:void::3PP
javax.servlet.jsp:JspException:public:java.lang.Exception::getRootCause:public:0::java.lang.Throwable::3PP
javax.servlet.jsp:JspFactory:public,abstract:java.lang.Object::<init>:public:0::void::3PP
javax.servlet.jsp:JspFactory:public,abstract:java.lang.Object::setDefaultFactory:public,static,synchronized:1:javax.servlet.jsp.JspFactory:void::3PP
javax.servlet.jsp:JspFactory:public,abstract:java.lang.Object::getDefaultFactory:public,static,synchronized:0::javax.servlet.jsp.JspFactory::3PP
javax.servlet.jsp:JspFactory:public,abstract:java.lang.Object::getPageContext:public,abstract:7:javax.servlet.Servlet,javax.servlet.ServletRequest,javax.servlet.ServletResponse,java.lang.String,boolean,int,boolean:javax.servlet.jsp.PageContext::3PP
javax.servlet.jsp:JspFactory:public,abstract:java.lang.Object::releasePageContext:public,abstract:1:javax.servlet.jsp.PageContext:void::3PP
javax.servlet.jsp:JspFactory:public,abstract:java.lang.Object::getEngineInfo:public,abstract:0::javax.servlet.jsp.JspEngineInfo::3PP
javax.servlet.jsp:JspFactory:public,abstract:java.lang.Object::<clinit>:static:0::void::3PP
javax.servlet.jsp:JspPage:public,abstract,interface::javax.servlet.Servlet:jspInit:public,abstract:0::void::3PP
javax.servlet.jsp:JspPage:public,abstract,interface::javax.servlet.Servlet:jspDestroy:public,abstract:0::void::3PP
javax.servlet.jsp:JspTagException:public:javax.servlet.jsp.JspException::<init>:public:1:java.lang.String:void::3PP
javax.servlet.jsp:JspTagException:public:javax.servlet.jsp.JspException::<init>:public:0::void::3PP
javax.servlet.jsp:JspTagException:public:javax.servlet.jsp.JspException::<init>:public:2:java.lang.String,java.lang.Throwable:void::3PP
javax.servlet.jsp:JspTagException:public:javax.servlet.jsp.JspException::<init>:public:1:java.lang.Throwable:void::3PP
javax.servlet.jsp:JspWriter:public,abstract:java.io.Writer::<init>:protected:2:int,boolean:void::3PP
javax.servlet.jsp:JspWriter:public,abstract:java.io.Writer::newLine:public,abstract:0::void::3PP
javax.servlet.jsp:JspWriter:public,abstract:java.io.Writer::print:public,abstract:1:boolean:void::3PP
javax.servlet.jsp:JspWriter:public,abstract:java.io.Writer::print:public,abstract:1:char:void::3PP
javax.servlet.jsp:JspWriter:public,abstract:java.io.Writer::print:public,abstract:1:int:void::3PP
javax.servlet.jsp:JspWriter:public,abstract:java.io.Writer::print:public,abstract:1:long:void::3PP
javax.servlet.jsp:JspWriter:public,abstract:java.io.Writer::print:public,abstract:1:float:void::3PP
javax.servlet.jsp:JspWriter:public,abstract:java.io.Writer::print:public,abstract:1:double:void::3PP
javax.servlet.jsp:JspWriter:public,abstract:java.io.Writer::print:public,abstract:1:char[]:void::3PP
javax.servlet.jsp:JspWriter:public,abstract:java.io.Writer::print:public,abstract:1:java.lang.String:void::3PP
javax.servlet.jsp:JspWriter:public,abstract:java.io.Writer::print:public,abstract:1:java.lang.Object:void::3PP
javax.servlet.jsp:JspWriter:public,abstract:java.io.Writer::println:public,abstract:0::void::3PP
javax.servlet.jsp:JspWriter:public,abstract:java.io.Writer::println:public,abstract:1:boolean:void::3PP
javax.servlet.jsp:JspWriter:public,abstract:java.io.Writer::println:public,abstract:1:char:void::3PP
javax.servlet.jsp:JspWriter:public,abstract:java.io.Writer::println:public,abstract:1:int:void::3PP
javax.servlet.jsp:JspWriter:public,abstract:java.io.Writer::println:public,abstract:1:long:void::3PP
javax.servlet.jsp:JspWriter:public,abstract:java.io.Writer::println:public,abstract:1:float:void::3PP
javax.servlet.jsp:JspWriter:public,abstract:java.io.Writer::println:public,abstract:1:double:void::3PP
javax.servlet.jsp:JspWriter:public,abstract:java.io.Writer::println:public,abstract:1:char[]:void::3PP
javax.servlet.jsp:JspWriter:public,abstract:java.io.Writer::println:public,abstract:1:java.lang.String:void::3PP
javax.servlet.jsp:JspWriter:public,abstract:java.io.Writer::println:public,abstract:1:java.lang.Object:void::3PP
javax.servlet.jsp:JspWriter:public,abstract:java.io.Writer::clear:public,abstract:0::void::3PP
javax.servlet.jsp:JspWriter:public,abstract:java.io.Writer::clearBuffer:public,abstract:0::void::3PP
javax.servlet.jsp:JspWriter:public,abstract:java.io.Writer::flush:public,abstract:0::void::3PP
javax.servlet.jsp:JspWriter:public,abstract:java.io.Writer::close:public,abstract:0::void::3PP
javax.servlet.jsp:JspWriter:public,abstract:java.io.Writer::getBufferSize:public:0::int::3PP
javax.servlet.jsp:JspWriter:public,abstract:java.io.Writer::getRemaining:public,abstract:0::int::3PP
javax.servlet.jsp:JspWriter:public,abstract:java.io.Writer::isAutoFlush:public:0::boolean::3PP
javax.servlet.jsp:PageContext:public,abstract:javax.servlet.jsp.JspContext::<init>:public:0::void::3PP
javax.servlet.jsp:PageContext:public,abstract:javax.servlet.jsp.JspContext::initialize:public,abstract:7:javax.servlet.Servlet,javax.servlet.ServletRequest,javax.servlet.ServletResponse,java.lang.String,boolean,int,boolean:void::3PP
javax.servlet.jsp:PageContext:public,abstract:javax.servlet.jsp.JspContext::release:public,abstract:0::void::3PP
javax.servlet.jsp:PageContext:public,abstract:javax.servlet.jsp.JspContext::getSession:public,abstract:0::javax.servlet.http.HttpSession::3PP
javax.servlet.jsp:PageContext:public,abstract:javax.servlet.jsp.JspContext::getPage:public,abstract:0::java.lang.Object::3PP
javax.servlet.jsp:PageContext:public,abstract:javax.servlet.jsp.JspContext::getRequest:public,abstract:0::javax.servlet.ServletRequest::3PP
javax.servlet.jsp:PageContext:public,abstract:javax.servlet.jsp.JspContext::getResponse:public,abstract:0::javax.servlet.ServletResponse::3PP
javax.servlet.jsp:PageContext:public,abstract:javax.servlet.jsp.JspContext::getException:public,abstract:0::java.lang.Exception::3PP
javax.servlet.jsp:PageContext:public,abstract:javax.servlet.jsp.JspContext::getServletConfig:public,abstract:0::javax.servlet.ServletConfig::3PP
javax.servlet.jsp:PageContext:public,abstract:javax.servlet.jsp.JspContext::getServletContext:public,abstract:0::javax.servlet.ServletContext::3PP
javax.servlet.jsp:PageContext:public,abstract:javax.servlet.jsp.JspContext::forward:public,abstract:1:java.lang.String:void::3PP
javax.servlet.jsp:PageContext:public,abstract:javax.servlet.jsp.JspContext::include:public,abstract:1:java.lang.String:void::3PP
javax.servlet.jsp:PageContext:public,abstract:javax.servlet.jsp.JspContext::include:public,abstract:2:java.lang.String,boolean:void::3PP
javax.servlet.jsp:PageContext:public,abstract:javax.servlet.jsp.JspContext::handlePageException:public,abstract:1:java.lang.Exception:void::3PP
javax.servlet.jsp:PageContext:public,abstract:javax.servlet.jsp.JspContext::handlePageException:public,abstract:1:java.lang.Throwable:void::3PP
javax.servlet.jsp:PageContext:public,abstract:javax.servlet.jsp.JspContext::pushBody:public:0::javax.servlet.jsp.tagext.BodyContent::3PP
javax.servlet.jsp:PageContext:public,abstract:javax.servlet.jsp.JspContext::getErrorData:public:0::javax.servlet.jsp.ErrorData::3PP
javax.servlet.jsp.tagext:BodyContent:public,abstract:javax.servlet.jsp.JspWriter::<init>:protected:1:javax.servlet.jsp.JspWriter:void::3PP
javax.servlet.jsp.tagext:BodyContent:public,abstract:javax.servlet.jsp.JspWriter::flush:public:0::void::3PP
javax.servlet.jsp.tagext:BodyContent:public,abstract:javax.servlet.jsp.JspWriter::clearBody:public:0::void::3PP
javax.servlet.jsp.tagext:BodyContent:public,abstract:javax.servlet.jsp.JspWriter::getReader:public,abstract:0::java.io.Reader::3PP
javax.servlet.jsp.tagext:BodyContent:public,abstract:javax.servlet.jsp.JspWriter::getString:public,abstract:0::java.lang.String::3PP
javax.servlet.jsp.tagext:BodyContent:public,abstract:javax.servlet.jsp.JspWriter::writeOut:public,abstract:1:java.io.Writer:void::3PP
javax.servlet.jsp.tagext:BodyContent:public,abstract:javax.servlet.jsp.JspWriter::getEnclosingWriter:public:0::javax.servlet.jsp.JspWriter::3PP
javax.servlet.jsp.tagext:BodyTag:public,abstract,interface::javax.servlet.jsp.tagext.IterationTag:setBodyContent:public,abstract:1:javax.servlet.jsp.tagext.BodyContent:void::3PP
javax.servlet.jsp.tagext:BodyTag:public,abstract,interface::javax.servlet.jsp.tagext.IterationTag:doInitBody:public,abstract:0::void::3PP
javax.servlet.jsp.tagext:BodyTagSupport:public:javax.servlet.jsp.tagext.TagSupport:javax.servlet.jsp.tagext.BodyTag:<init>:public:0::void::3PP
javax.servlet.jsp.tagext:BodyTagSupport:public:javax.servlet.jsp.tagext.TagSupport:javax.servlet.jsp.tagext.BodyTag:doStartTag:public:0::int::3PP
javax.servlet.jsp.tagext:BodyTagSupport:public:javax.servlet.jsp.tagext.TagSupport:javax.servlet.jsp.tagext.BodyTag:doEndTag:public:0::int::3PP
javax.servlet.jsp.tagext:BodyTagSupport:public:javax.servlet.jsp.tagext.TagSupport:javax.servlet.jsp.tagext.BodyTag:setBodyContent:public:1:javax.servlet.jsp.tagext.BodyContent:void::3PP
javax.servlet.jsp.tagext:BodyTagSupport:public:javax.servlet.jsp.tagext.TagSupport:javax.servlet.jsp.tagext.BodyTag:doInitBody:public:0::void::3PP
javax.servlet.jsp.tagext:BodyTagSupport:public:javax.servlet.jsp.tagext.TagSupport:javax.servlet.jsp.tagext.BodyTag:doAfterBody:public:0::int::3PP
javax.servlet.jsp.tagext:BodyTagSupport:public:javax.servlet.jsp.tagext.TagSupport:javax.servlet.jsp.tagext.BodyTag:release:public:0::void::3PP
javax.servlet.jsp.tagext:BodyTagSupport:public:javax.servlet.jsp.tagext.TagSupport:javax.servlet.jsp.tagext.BodyTag:getBodyContent:public:0::javax.servlet.jsp.tagext.BodyContent::3PP
javax.servlet.jsp.tagext:BodyTagSupport:public:javax.servlet.jsp.tagext.TagSupport:javax.servlet.jsp.tagext.BodyTag:getPreviousOut:public:0::javax.servlet.jsp.JspWriter::3PP
javax.servlet.jsp.tagext:IterationTag:public,abstract,interface::javax.servlet.jsp.tagext.Tag:doAfterBody:public,abstract:0::int::3PP
javax.servlet.jsp.tagext:PageData:public,abstract:java.lang.Object::<init>:public:0::void::3PP
javax.servlet.jsp.tagext:PageData:public,abstract:java.lang.Object::getInputStream:public,abstract:0::java.io.InputStream::3PP
javax.servlet.jsp.tagext:Tag:public,abstract,interface::javax.servlet.jsp.tagext.JspTag:setPageContext:public,abstract:1:javax.servlet.jsp.PageContext:void::3PP
javax.servlet.jsp.tagext:Tag:public,abstract,interface::javax.servlet.jsp.tagext.JspTag:setParent:public,abstract:1:javax.servlet.jsp.tagext.Tag:void::3PP
javax.servlet.jsp.tagext:Tag:public,abstract,interface::javax.servlet.jsp.tagext.JspTag:getParent:public,abstract:0::javax.servlet.jsp.tagext.Tag::3PP
javax.servlet.jsp.tagext:Tag:public,abstract,interface::javax.servlet.jsp.tagext.JspTag:doStartTag:public,abstract:0::int::3PP
javax.servlet.jsp.tagext:Tag:public,abstract,interface::javax.servlet.jsp.tagext.JspTag:doEndTag:public,abstract:0::int::3PP
javax.servlet.jsp.tagext:Tag:public,abstract,interface::javax.servlet.jsp.tagext.JspTag:release:public,abstract:0::void::3PP
javax.servlet.jsp.tagext:TagAttributeInfo:public:java.lang.Object::<init>:public:4:java.lang.String,boolean,java.lang.String,boolean:void::3PP
javax.servlet.jsp.tagext:TagAttributeInfo:public:java.lang.Object::<init>:public:5:java.lang.String,boolean,java.lang.String,boolean,boolean:void::3PP
javax.servlet.jsp.tagext:TagAttributeInfo:public:java.lang.Object::getName:public:0::java.lang.String::3PP
javax.servlet.jsp.tagext:TagAttributeInfo:public:java.lang.Object::getTypeName:public:0::java.lang.String::3PP
javax.servlet.jsp.tagext:TagAttributeInfo:public:java.lang.Object::canBeRequestTime:public:0::boolean::3PP
javax.servlet.jsp.tagext:TagAttributeInfo:public:java.lang.Object::isRequired:public:0::boolean::3PP
javax.servlet.jsp.tagext:TagAttributeInfo:public:java.lang.Object::getIdAttribute:public,static:1:javax.servlet.jsp.tagext.TagAttributeInfo[]:javax.servlet.jsp.tagext.TagAttributeInfo::3PP
javax.servlet.jsp.tagext:TagAttributeInfo:public:java.lang.Object::isFragment:public:0::boolean::3PP
javax.servlet.jsp.tagext:TagAttributeInfo:public:java.lang.Object::toString:public:0::java.lang.String::3PP
javax.servlet.jsp.tagext:TagData:public:java.lang.Object:java.lang.Cloneable:<init>:public:1:java.lang.Object[][]:void::3PP
javax.servlet.jsp.tagext:TagData:public:java.lang.Object:java.lang.Cloneable:<init>:public:1:java.util.Hashtable:void::3PP
javax.servlet.jsp.tagext:TagData:public:java.lang.Object:java.lang.Cloneable:getId:public:0::java.lang.String::3PP
javax.servlet.jsp.tagext:TagData:public:java.lang.Object:java.lang.Cloneable:getAttribute:public:1:java.lang.String:java.lang.Object::3PP
javax.servlet.jsp.tagext:TagData:public:java.lang.Object:java.lang.Cloneable:setAttribute:public:2:java.lang.String,java.lang.Object:void::3PP
javax.servlet.jsp.tagext:TagData:public:java.lang.Object:java.lang.Cloneable:getAttributeString:public:1:java.lang.String:java.lang.String::3PP
javax.servlet.jsp.tagext:TagData:public:java.lang.Object:java.lang.Cloneable:getAttributes:public:0::java.util.Enumeration::3PP
javax.servlet.jsp.tagext:TagData:public:java.lang.Object:java.lang.Cloneable:<clinit>:static:0::void::3PP
javax.servlet.jsp.tagext:TagExtraInfo:public,abstract:java.lang.Object::<init>:public:0::void::3PP
javax.servlet.jsp.tagext:TagExtraInfo:public,abstract:java.lang.Object::getVariableInfo:public:1:javax.servlet.jsp.tagext.TagData:javax.servlet.jsp.tagext.VariableInfo[]::3PP
javax.servlet.jsp.tagext:TagExtraInfo:public,abstract:java.lang.Object::isValid:public:1:javax.servlet.jsp.tagext.TagData:boolean::3PP
javax.servlet.jsp.tagext:TagExtraInfo:public,abstract:java.lang.Object::validate:public:1:javax.servlet.jsp.tagext.TagData:javax.servlet.jsp.tagext.ValidationMessage[]::3PP
javax.servlet.jsp.tagext:TagExtraInfo:public,abstract:java.lang.Object::setTagInfo:public,final:1:javax.servlet.jsp.tagext.TagInfo:void::3PP
javax.servlet.jsp.tagext:TagExtraInfo:public,abstract:java.lang.Object::getTagInfo:public,final:0::javax.servlet.jsp.tagext.TagInfo::3PP
javax.servlet.jsp.tagext:TagExtraInfo:public,abstract:java.lang.Object::<clinit>:static:0::void::3PP
javax.servlet.jsp.tagext:TagInfo:public:java.lang.Object::<init>:public:7:java.lang.String,java.lang.String,java.lang.String,java.lang.String,javax.servlet.jsp.tagext.TagLibraryInfo,javax.servlet.jsp.tagext.TagExtraInfo,javax.servlet.jsp.tagext.TagAttributeInfo[]:void::3PP
javax.servlet.jsp.tagext:TagInfo:public:java.lang.Object::<init>:public:11:java.lang.String,java.lang.String,java.lang.String,java.lang.String,javax.servlet.jsp.tagext.TagLibraryInfo,javax.servlet.jsp.tagext.TagExtraInfo,javax.servlet.jsp.tagext.TagAttributeInfo[],java.lang.String,java.lang.String,java.lang.String,javax.servlet.jsp.tagext.TagVariableInfo[]:void::3PP
javax.servlet.jsp.tagext:TagInfo:public:java.lang.Object::<init>:public:12:java.lang.String,java.lang.String,java.lang.String,java.lang.String,javax.servlet.jsp.tagext.TagLibraryInfo,javax.servlet.jsp.tagext.TagExtraInfo,javax.servlet.jsp.tagext.TagAttributeInfo[],java.lang.String,java.lang.String,java.lang.String,javax.servlet.jsp.tagext.TagVariableInfo[],boolean:void::3PP
javax.servlet.jsp.tagext:TagInfo:public:java.lang.Object::getTagName:public:0::java.lang.String::3PP
javax.servlet.jsp.tagext:TagInfo:public:java.lang.Object::getAttributes:public:0::javax.servlet.jsp.tagext.TagAttributeInfo[]::3PP
javax.servlet.jsp.tagext:TagInfo:public:java.lang.Object::getVariableInfo:public:1:javax.servlet.jsp.tagext.TagData:javax.servlet.jsp.tagext.VariableInfo[]::3PP
javax.servlet.jsp.tagext:TagInfo:public:java.lang.Object::isValid:public:1:javax.servlet.jsp.tagext.TagData:boolean::3PP
javax.servlet.jsp.tagext:TagInfo:public:java.lang.Object::validate:public:1:javax.servlet.jsp.tagext.TagData:javax.servlet.jsp.tagext.ValidationMessage[]::3PP
javax.servlet.jsp.tagext:TagInfo:public:java.lang.Object::setTagExtraInfo:public:1:javax.servlet.jsp.tagext.TagExtraInfo:void::3PP
javax.servlet.jsp.tagext:TagInfo:public:java.lang.Object::getTagExtraInfo:public:0::javax.servlet.jsp.tagext.TagExtraInfo::3PP
javax.servlet.jsp.tagext:TagInfo:public:java.lang.Object::getTagClassName:public:0::java.lang.String::3PP
javax.servlet.jsp.tagext:TagInfo:public:java.lang.Object::getBodyContent:public:0::java.lang.String::3PP
javax.servlet.jsp.tagext:TagInfo:public:java.lang.Object::getInfoString:public:0::java.lang.String::3PP
javax.servlet.jsp.tagext:TagInfo:public:java.lang.Object::setTagLibrary:public:1:javax.servlet.jsp.tagext.TagLibraryInfo:void::3PP
javax.servlet.jsp.tagext:TagInfo:public:java.lang.Object::getTagLibrary:public:0::javax.servlet.jsp.tagext.TagLibraryInfo::3PP
javax.servlet.jsp.tagext:TagInfo:public:java.lang.Object::getDisplayName:public:0::java.lang.String::3PP
javax.servlet.jsp.tagext:TagInfo:public:java.lang.Object::getSmallIcon:public:0::java.lang.String::3PP
javax.servlet.jsp.tagext:TagInfo:public:java.lang.Object::getLargeIcon:public:0::java.lang.String::3PP
javax.servlet.jsp.tagext:TagInfo:public:java.lang.Object::getTagVariableInfos:public:0::javax.servlet.jsp.tagext.TagVariableInfo[]::3PP
javax.servlet.jsp.tagext:TagInfo:public:java.lang.Object::hasDynamicAttributes:public:0::boolean::3PP
javax.servlet.jsp.tagext:TagLibraryInfo:public,abstract:java.lang.Object::<init>:protected:2:java.lang.String,java.lang.String:void::3PP
javax.servlet.jsp.tagext:TagLibraryInfo:public,abstract:java.lang.Object::getURI:public:0::java.lang.String::3PP
javax.servlet.jsp.tagext:TagLibraryInfo:public,abstract:java.lang.Object::getPrefixString:public:0::java.lang.String::3PP
javax.servlet.jsp.tagext:TagLibraryInfo:public,abstract:java.lang.Object::getShortName:public:0::java.lang.String::3PP
javax.servlet.jsp.tagext:TagLibraryInfo:public,abstract:java.lang.Object::getReliableURN:public:0::java.lang.String::3PP
javax.servlet.jsp.tagext:TagLibraryInfo:public,abstract:java.lang.Object::getInfoString:public:0::java.lang.String::3PP
javax.servlet.jsp.tagext:TagLibraryInfo:public,abstract:java.lang.Object::getRequiredVersion:public:0::java.lang.String::3PP
javax.servlet.jsp.tagext:TagLibraryInfo:public,abstract:java.lang.Object::getTags:public:0::javax.servlet.jsp.tagext.TagInfo[]::3PP
javax.servlet.jsp.tagext:TagLibraryInfo:public,abstract:java.lang.Object::getTagFiles:public:0::javax.servlet.jsp.tagext.TagFileInfo[]::3PP
javax.servlet.jsp.tagext:TagLibraryInfo:public,abstract:java.lang.Object::getTag:public:1:java.lang.String:javax.servlet.jsp.tagext.TagInfo::3PP
javax.servlet.jsp.tagext:TagLibraryInfo:public,abstract:java.lang.Object::getTagFile:public:1:java.lang.String:javax.servlet.jsp.tagext.TagFileInfo::3PP
javax.servlet.jsp.tagext:TagLibraryInfo:public,abstract:java.lang.Object::getFunctions:public:0::javax.servlet.jsp.tagext.FunctionInfo[]::3PP
javax.servlet.jsp.tagext:TagLibraryInfo:public,abstract:java.lang.Object::getFunction:public:1:java.lang.String:javax.servlet.jsp.tagext.FunctionInfo::3PP
javax.servlet.jsp.tagext:TagLibraryValidator:public,abstract:java.lang.Object::<init>:public:0::void::3PP
javax.servlet.jsp.tagext:TagLibraryValidator:public,abstract:java.lang.Object::setInitParameters:public:1:java.util.Map:void::3PP
javax.servlet.jsp.tagext:TagLibraryValidator:public,abstract:java.lang.Object::getInitParameters:public:0::java.util.Map::3PP
javax.servlet.jsp.tagext:TagLibraryValidator:public,abstract:java.lang.Object::validate:public:3:java.lang.String,java.lang.String,javax.servlet.jsp.tagext.PageData:javax.servlet.jsp.tagext.ValidationMessage[]::3PP
javax.servlet.jsp.tagext:TagLibraryValidator:public,abstract:java.lang.Object::release:public:0::void::3PP
javax.servlet.jsp.tagext:TagSupport:public:java.lang.Object:javax.servlet.jsp.tagext.IterationTag,java.io.Serializable:findAncestorWithClass:public,static,final:2:javax.servlet.jsp.tagext.Tag,java.lang.Class:javax.servlet.jsp.tagext.Tag::3PP
javax.servlet.jsp.tagext:TagSupport:public:java.lang.Object:javax.servlet.jsp.tagext.IterationTag,java.io.Serializable:<init>:public:0::void::3PP
javax.servlet.jsp.tagext:TagSupport:public:java.lang.Object:javax.servlet.jsp.tagext.IterationTag,java.io.Serializable:doStartTag:public:0::int::3PP
javax.servlet.jsp.tagext:TagSupport:public:java.lang.Object:javax.servlet.jsp.tagext.IterationTag,java.io.Serializable:doEndTag:public:0::int::3PP
javax.servlet.jsp.tagext:TagSupport:public:java.lang.Object:javax.servlet.jsp.tagext.IterationTag,java.io.Serializable:doAfterBody:public:0::int::3PP
javax.servlet.jsp.tagext:TagSupport:public:java.lang.Object:javax.servlet.jsp.tagext.IterationTag,java.io.Serializable:release:public:0::void::3PP
javax.servlet.jsp.tagext:TagSupport:public:java.lang.Object:javax.servlet.jsp.tagext.IterationTag,java.io.Serializable:setParent:public:1:javax.servlet.jsp.tagext.Tag:void::3PP
javax.servlet.jsp.tagext:TagSupport:public:java.lang.Object:javax.servlet.jsp.tagext.IterationTag,java.io.Serializable:getParent:public:0::javax.servlet.jsp.tagext.Tag::3PP
javax.servlet.jsp.tagext:TagSupport:public:java.lang.Object:javax.servlet.jsp.tagext.IterationTag,java.io.Serializable:setId:public:1:java.lang.String:void::3PP
javax.servlet.jsp.tagext:TagSupport:public:java.lang.Object:javax.servlet.jsp.tagext.IterationTag,java.io.Serializable:getId:public:0::java.lang.String::3PP
javax.servlet.jsp.tagext:TagSupport:public:java.lang.Object:javax.servlet.jsp.tagext.IterationTag,java.io.Serializable:setPageContext:public:1:javax.servlet.jsp.PageContext:void::3PP
javax.servlet.jsp.tagext:TagSupport:public:java.lang.Object:javax.servlet.jsp.tagext.IterationTag,java.io.Serializable:setValue:public:2:java.lang.String,java.lang.Object:void::3PP
javax.servlet.jsp.tagext:TagSupport:public:java.lang.Object:javax.servlet.jsp.tagext.IterationTag,java.io.Serializable:getValue:public:1:java.lang.String:java.lang.Object::3PP
javax.servlet.jsp.tagext:TagSupport:public:java.lang.Object:javax.servlet.jsp.tagext.IterationTag,java.io.Serializable:removeValue:public:1:java.lang.String:void::3PP
javax.servlet.jsp.tagext:TagSupport:public:java.lang.Object:javax.servlet.jsp.tagext.IterationTag,java.io.Serializable:getValues:public:0::java.util.Enumeration::3PP
javax.servlet.jsp.tagext:TagVariableInfo:public:java.lang.Object::<init>:public:5:java.lang.String,java.lang.String,java.lang.String,boolean,int:void::3PP
javax.servlet.jsp.tagext:TagVariableInfo:public:java.lang.Object::getNameGiven:public:0::java.lang.String::3PP
javax.servlet.jsp.tagext:TagVariableInfo:public:java.lang.Object::getNameFromAttribute:public:0::java.lang.String::3PP
javax.servlet.jsp.tagext:TagVariableInfo:public:java.lang.Object::getClassName:public:0::java.lang.String::3PP
javax.servlet.jsp.tagext:TagVariableInfo:public:java.lang.Object::getDeclare:public:0::boolean::3PP
javax.servlet.jsp.tagext:TagVariableInfo:public:java.lang.Object::getScope:public:0::int::3PP
javax.servlet.jsp.tagext:TryCatchFinally:public,abstract,interface:::doCatch:public,abstract:1:java.lang.Throwable:void::3PP
javax.servlet.jsp.tagext:TryCatchFinally:public,abstract,interface:::doFinally:public,abstract:0::void::3PP
javax.servlet.jsp.tagext:ValidationMessage:public:java.lang.Object::<init>:public:2:java.lang.String,java.lang.String:void::3PP
javax.servlet.jsp.tagext:ValidationMessage:public:java.lang.Object::getId:public:0::java.lang.String::3PP
javax.servlet.jsp.tagext:ValidationMessage:public:java.lang.Object::getMessage:public:0::java.lang.String::3PP
javax.servlet.jsp.tagext:VariableInfo:public:java.lang.Object::<init>:public:4:java.lang.String,java.lang.String,boolean,int:void::3PP
javax.servlet.jsp.tagext:VariableInfo:public:java.lang.Object::getVarName:public:0::java.lang.String::3PP
javax.servlet.jsp.tagext:VariableInfo:public:java.lang.Object::getClassName:public:0::java.lang.String::3PP
javax.servlet.jsp.tagext:VariableInfo:public:java.lang.Object::getDeclare:public:0::boolean::3PP
javax.servlet.jsp.tagext:VariableInfo:public:java.lang.Object::getScope:public:0::int::3PP
javax.servlet:RequestDispatcher:public,abstract,interface:::forward:public,abstract:2:javax.servlet.ServletRequest,javax.servlet.ServletResponse:void::3PP
javax.servlet:RequestDispatcher:public,abstract,interface:::include:public,abstract:2:javax.servlet.ServletRequest,javax.servlet.ServletResponse:void::3PP
javax.servlet:Servlet:public,abstract,interface:::init:public,abstract:1:javax.servlet.ServletConfig:void::3PP
javax.servlet:Servlet:public,abstract,interface:::getServletConfig:public,abstract:0::javax.servlet.ServletConfig::3PP
javax.servlet:Servlet:public,abstract,interface:::service:public,abstract:2:javax.servlet.ServletRequest,javax.servlet.ServletResponse:void::3PP
javax.servlet:Servlet:public,abstract,interface:::getServletInfo:public,abstract:0::java.lang.String::3PP
javax.servlet:Servlet:public,abstract,interface:::destroy:public,abstract:0::void::3PP
javax.servlet:ServletConfig:public,abstract,interface:::getServletName:public,abstract:0::java.lang.String::3PP
javax.servlet:ServletConfig:public,abstract,interface:::getServletContext:public,abstract:0::javax.servlet.ServletContext::3PP
javax.servlet:ServletConfig:public,abstract,interface:::getInitParameter:public,abstract:1:java.lang.String:java.lang.String::3PP
javax.servlet:ServletConfig:public,abstract,interface:::getInitParameterNames:public,abstract:0::java.util.Enumeration::3PP
javax.servlet:ServletContext:public,abstract,interface:::getContext:public,abstract:1:java.lang.String:javax.servlet.ServletContext::3PP
javax.servlet:ServletContext:public,abstract,interface:::getMajorVersion:public,abstract:0::int::3PP
javax.servlet:ServletContext:public,abstract,interface:::getMinorVersion:public,abstract:0::int::3PP
javax.servlet:ServletContext:public,abstract,interface:::getMimeType:public,abstract:1:java.lang.String:java.lang.String::3PP
javax.servlet:ServletContext:public,abstract,interface:::getResourcePaths:public,abstract:1:java.lang.String:java.util.Set::3PP
javax.servlet:ServletContext:public,abstract,interface:::getResource:public,abstract:1:java.lang.String:java.net.URL::3PP
javax.servlet:ServletContext:public,abstract,interface:::getResourceAsStream:public,abstract:1:java.lang.String:java.io.InputStream::3PP
javax.servlet:ServletContext:public,abstract,interface:::getRequestDispatcher:public,abstract:1:java.lang.String:javax.servlet.RequestDispatcher::3PP
javax.servlet:ServletContext:public,abstract,interface:::getNamedDispatcher:public,abstract:1:java.lang.String:javax.servlet.RequestDispatcher::3PP
javax.servlet:ServletContext:public,abstract,interface:::getServlet:public,abstract:1:java.lang.String:javax.servlet.Servlet::3PP
javax.servlet:ServletContext:public,abstract,interface:::getServlets:public,abstract:0::java.util.Enumeration::3PP
javax.servlet:ServletContext:public,abstract,interface:::getServletNames:public,abstract:0::java.util.Enumeration::3PP
javax.servlet:ServletContext:public,abstract,interface:::log:public,abstract:1:java.lang.String:void::3PP
javax.servlet:ServletContext:public,abstract,interface:::log:public,abstract:2:java.lang.Exception,java.lang.String:void::3PP
javax.servlet:ServletContext:public,abstract,interface:::log:public,abstract:2:java.lang.String,java.lang.Throwable:void::3PP
javax.servlet:ServletContext:public,abstract,interface:::getRealPath:public,abstract:1:java.lang.String:java.lang.String::3PP
javax.servlet:ServletContext:public,abstract,interface:::getServerInfo:public,abstract:0::java.lang.String::3PP
javax.servlet:ServletContext:public,abstract,interface:::getInitParameter:public,abstract:1:java.lang.String:java.lang.String::3PP
javax.servlet:ServletContext:public,abstract,interface:::getInitParameterNames:public,abstract:0::java.util.Enumeration::3PP
javax.servlet:ServletContext:public,abstract,interface:::getAttribute:public,abstract:1:java.lang.String:java.lang.Object::3PP
javax.servlet:ServletContext:public,abstract,interface:::getAttributeNames:public,abstract:0::java.util.Enumeration::3PP
javax.servlet:ServletContext:public,abstract,interface:::setAttribute:public,abstract:2:java.lang.String,java.lang.Object:void::3PP
javax.servlet:ServletContext:public,abstract,interface:::removeAttribute:public,abstract:1:java.lang.String:void::3PP
javax.servlet:ServletContext:public,abstract,interface:::getServletContextName:public,abstract:0::java.lang.String::3PP
javax.servlet:ServletContextAttributeEvent:public:javax.servlet.ServletContextEvent::<init>:public:3:javax.servlet.ServletContext,java.lang.String,java.lang.Object:void::3PP
javax.servlet:ServletContextAttributeEvent:public:javax.servlet.ServletContextEvent::getName:public:0::java.lang.String::3PP
javax.servlet:ServletContextAttributeEvent:public:javax.servlet.ServletContextEvent::getValue:public:0::java.lang.Object::3PP
javax.servlet:ServletContextAttributeListener:public,abstract,interface::java.util.EventListener:attributeAdded:public,abstract:1:javax.servlet.ServletContextAttributeEvent:void::3PP
javax.servlet:ServletContextAttributeListener:public,abstract,interface::java.util.EventListener:attributeRemoved:public,abstract:1:javax.servlet.ServletContextAttributeEvent:void::3PP
javax.servlet:ServletContextAttributeListener:public,abstract,interface::java.util.EventListener:attributeReplaced:public,abstract:1:javax.servlet.ServletContextAttributeEvent:void::3PP
javax.servlet:ServletContextEvent:public:java.util.EventObject::<init>:public:1:javax.servlet.ServletContext:void::3PP
javax.servlet:ServletContextEvent:public:java.util.EventObject::getServletContext:public:0::javax.servlet.ServletContext::3PP
javax.servlet:ServletContextListener:public,abstract,interface::java.util.EventListener:contextInitialized:public,abstract:1:javax.servlet.ServletContextEvent:void::3PP
javax.servlet:ServletContextListener:public,abstract,interface::java.util.EventListener:contextDestroyed:public,abstract:1:javax.servlet.ServletContextEvent:void::3PP
javax.servlet:ServletException:public:java.lang.Exception::<init>:public:0::void::3PP
javax.servlet:ServletException:public:java.lang.Exception::<init>:public:1:java.lang.String:void::3PP
javax.servlet:ServletException:public:java.lang.Exception::<init>:public:2:java.lang.String,java.lang.Throwable:void::3PP
javax.servlet:ServletException:public:java.lang.Exception::<init>:public:1:java.lang.Throwable:void::3PP
javax.servlet:ServletException:public:java.lang.Exception::getRootCause:public:0::java.lang.Throwable::3PP
javax.servlet:ServletInputStream:public,abstract:java.io.InputStream::<init>:protected:0::void::3PP
javax.servlet:ServletInputStream:public,abstract:java.io.InputStream::readLine:public:3:byte[],int,int:int::3PP
javax.servlet:ServletOutputStream:public,abstract:java.io.OutputStream::<init>:protected:0::void::3PP
javax.servlet:ServletOutputStream:public,abstract:java.io.OutputStream::print:public:1:java.lang.String:void::3PP
javax.servlet:ServletOutputStream:public,abstract:java.io.OutputStream::print:public:1:boolean:void::3PP
javax.servlet:ServletOutputStream:public,abstract:java.io.OutputStream::print:public:1:char:void::3PP
javax.servlet:ServletOutputStream:public,abstract:java.io.OutputStream::print:public:1:int:void::3PP
javax.servlet:ServletOutputStream:public,abstract:java.io.OutputStream::print:public:1:long:void::3PP
javax.servlet:ServletOutputStream:public,abstract:java.io.OutputStream::print:public:1:float:void::3PP
javax.servlet:ServletOutputStream:public,abstract:java.io.OutputStream::print:public:1:double:void::3PP
javax.servlet:ServletOutputStream:public,abstract:java.io.OutputStream::println:public:0::void::3PP
javax.servlet:ServletOutputStream:public,abstract:java.io.OutputStream::println:public:1:java.lang.String:void::3PP
javax.servlet:ServletOutputStream:public,abstract:java.io.OutputStream::println:public:1:boolean:void::3PP
javax.servlet:ServletOutputStream:public,abstract:java.io.OutputStream::println:public:1:char:void::3PP
javax.servlet:ServletOutputStream:public,abstract:java.io.OutputStream::println:public:1:int:void::3PP
javax.servlet:ServletOutputStream:public,abstract:java.io.OutputStream::println:public:1:long:void::3PP
javax.servlet:ServletOutputStream:public,abstract:java.io.OutputStream::println:public:1:float:void::3PP
javax.servlet:ServletOutputStream:public,abstract:java.io.OutputStream::println:public:1:double:void::3PP
javax.servlet:ServletOutputStream:public,abstract:java.io.OutputStream::<clinit>:static:0::void::3PP
javax.servlet:ServletRequest:public,abstract,interface:::getAttribute:public,abstract:1:java.lang.String:java.lang.Object::3PP
javax.servlet:ServletRequest:public,abstract,interface:::getAttributeNames:public,abstract:0::java.util.Enumeration::3PP
javax.servlet:ServletRequest:public,abstract,interface:::getCharacterEncoding:public,abstract:0::java.lang.String::3PP
javax.servlet:ServletRequest:public,abstract,interface:::setCharacterEncoding:public,abstract:1:java.lang.String:void::3PP
javax.servlet:ServletRequest:public,abstract,interface:::getContentLength:public,abstract:0::int::3PP
javax.servlet:ServletRequest:public,abstract,interface:::getContentType:public,abstract:0::java.lang.String::3PP
javax.servlet:ServletRequest:public,abstract,interface:::getInputStream:public,abstract:0::javax.servlet.ServletInputStream::3PP
javax.servlet:ServletRequest:public,abstract,interface:::getParameter:public,abstract:1:java.lang.String:java.lang.String::3PP
javax.servlet:ServletRequest:public,abstract,interface:::getParameterNames:public,abstract:0::java.util.Enumeration::3PP
javax.servlet:ServletRequest:public,abstract,interface:::getParameterValues:public,abstract:1:java.lang.String:java.lang.String[]::3PP
javax.servlet:ServletRequest:public,abstract,interface:::getParameterMap:public,abstract:0::java.util.Map::3PP
javax.servlet:ServletRequest:public,abstract,interface:::getProtocol:public,abstract:0::java.lang.String::3PP
javax.servlet:ServletRequest:public,abstract,interface:::getScheme:public,abstract:0::java.lang.String::3PP
javax.servlet:ServletRequest:public,abstract,interface:::getServerName:public,abstract:0::java.lang.String::3PP
javax.servlet:ServletRequest:public,abstract,interface:::getServerPort:public,abstract:0::int::3PP
javax.servlet:ServletRequest:public,abstract,interface:::getReader:public,abstract:0::java.io.BufferedReader::3PP
javax.servlet:ServletRequest:public,abstract,interface:::getRemoteAddr:public,abstract:0::java.lang.String::3PP
javax.servlet:ServletRequest:public,abstract,interface:::getRemoteHost:public,abstract:0::java.lang.String::3PP
javax.servlet:ServletRequest:public,abstract,interface:::setAttribute:public,abstract:2:java.lang.String,java.lang.Object:void::3PP
javax.servlet:ServletRequest:public,abstract,interface:::removeAttribute:public,abstract:1:java.lang.String:void::3PP
javax.servlet:ServletRequest:public,abstract,interface:::getLocale:public,abstract:0::java.util.Locale::3PP
javax.servlet:ServletRequest:public,abstract,interface:::getLocales:public,abstract:0::java.util.Enumeration::3PP
javax.servlet:ServletRequest:public,abstract,interface:::isSecure:public,abstract:0::boolean::3PP
javax.servlet:ServletRequest:public,abstract,interface:::getRequestDispatcher:public,abstract:1:java.lang.String:javax.servlet.RequestDispatcher::3PP
javax.servlet:ServletRequest:public,abstract,interface:::getRealPath:public,abstract:1:java.lang.String:java.lang.String::3PP
javax.servlet:ServletRequestWrapper:public:java.lang.Object:javax.servlet.ServletRequest:<init>:public:1:javax.servlet.ServletRequest:void::3PP
javax.servlet:ServletRequestWrapper:public:java.lang.Object:javax.servlet.ServletRequest:getRequest:public:0::javax.servlet.ServletRequest::3PP
javax.servlet:ServletRequestWrapper:public:java.lang.Object:javax.servlet.ServletRequest:setRequest:public:1:javax.servlet.ServletRequest:void::3PP
javax.servlet:ServletRequestWrapper:public:java.lang.Object:javax.servlet.ServletRequest:getAttribute:public:1:java.lang.String:java.lang.Object::3PP
javax.servlet:ServletRequestWrapper:public:java.lang.Object:javax.servlet.ServletRequest:getAttributeNames:public:0::java.util.Enumeration::3PP
javax.servlet:ServletRequestWrapper:public:java.lang.Object:javax.servlet.ServletRequest:getCharacterEncoding:public:0::java.lang.String::3PP
javax.servlet:ServletRequestWrapper:public:java.lang.Object:javax.servlet.ServletRequest:setCharacterEncoding:public:1:java.lang.String:void::3PP
javax.servlet:ServletRequestWrapper:public:java.lang.Object:javax.servlet.ServletRequest:getContentLength:public:0::int::3PP
javax.servlet:ServletRequestWrapper:public:java.lang.Object:javax.servlet.ServletRequest:getContentType:public:0::java.lang.String::3PP
javax.servlet:ServletRequestWrapper:public:java.lang.Object:javax.servlet.ServletRequest:getInputStream:public:0::javax.servlet.ServletInputStream::3PP
javax.servlet:ServletRequestWrapper:public:java.lang.Object:javax.servlet.ServletRequest:getParameter:public:1:java.lang.String:java.lang.String::3PP
javax.servlet:ServletRequestWrapper:public:java.lang.Object:javax.servlet.ServletRequest:getParameterMap:public:0::java.util.Map::3PP
javax.servlet:ServletRequestWrapper:public:java.lang.Object:javax.servlet.ServletRequest:getParameterNames:public:0::java.util.Enumeration::3PP
javax.servlet:ServletRequestWrapper:public:java.lang.Object:javax.servlet.ServletRequest:getParameterValues:public:1:java.lang.String:java.lang.String[]::3PP
javax.servlet:ServletRequestWrapper:public:java.lang.Object:javax.servlet.ServletRequest:getProtocol:public:0::java.lang.String::3PP
javax.servlet:ServletRequestWrapper:public:java.lang.Object:javax.servlet.ServletRequest:getScheme:public:0::java.lang.String::3PP
javax.servlet:ServletRequestWrapper:public:java.lang.Object:javax.servlet.ServletRequest:getServerName:public:0::java.lang.String::3PP
javax.servlet:ServletRequestWrapper:public:java.lang.Object:javax.servlet.ServletRequest:getServerPort:public:0::int::3PP
javax.servlet:ServletRequestWrapper:public:java.lang.Object:javax.servlet.ServletRequest:getReader:public:0::java.io.BufferedReader::3PP
javax.servlet:ServletRequestWrapper:public:java.lang.Object:javax.servlet.ServletRequest:getRemoteAddr:public:0::java.lang.String::3PP
javax.servlet:ServletRequestWrapper:public:java.lang.Object:javax.servlet.ServletRequest:getRemoteHost:public:0::java.lang.String::3PP
javax.servlet:ServletRequestWrapper:public:java.lang.Object:javax.servlet.ServletRequest:setAttribute:public:2:java.lang.String,java.lang.Object:void::3PP
javax.servlet:ServletRequestWrapper:public:java.lang.Object:javax.servlet.ServletRequest:removeAttribute:public:1:java.lang.String:void::3PP
javax.servlet:ServletRequestWrapper:public:java.lang.Object:javax.servlet.ServletRequest:getLocale:public:0::java.util.Locale::3PP
javax.servlet:ServletRequestWrapper:public:java.lang.Object:javax.servlet.ServletRequest:getLocales:public:0::java.util.Enumeration::3PP
javax.servlet:ServletRequestWrapper:public:java.lang.Object:javax.servlet.ServletRequest:isSecure:public:0::boolean::3PP
javax.servlet:ServletRequestWrapper:public:java.lang.Object:javax.servlet.ServletRequest:getRequestDispatcher:public:1:java.lang.String:javax.servlet.RequestDispatcher::3PP
javax.servlet:ServletRequestWrapper:public:java.lang.Object:javax.servlet.ServletRequest:getRealPath:public:1:java.lang.String:java.lang.String::3PP
javax.servlet:ServletResponse:public,abstract,interface:::getCharacterEncoding:public,abstract:0::java.lang.String::3PP
javax.servlet:ServletResponse:public,abstract,interface:::getOutputStream:public,abstract:0::javax.servlet.ServletOutputStream::3PP
javax.servlet:ServletResponse:public,abstract,interface:::getWriter:public,abstract:0::java.io.PrintWriter::3PP
javax.servlet:ServletResponse:public,abstract,interface:::setContentLength:public,abstract:1:int:void::3PP
javax.servlet:ServletResponse:public,abstract,interface:::setContentType:public,abstract:1:java.lang.String:void::3PP
javax.servlet:ServletResponse:public,abstract,interface:::setBufferSize:public,abstract:1:int:void::3PP
javax.servlet:ServletResponse:public,abstract,interface:::getBufferSize:public,abstract:0::int::3PP
javax.servlet:ServletResponse:public,abstract,interface:::flushBuffer:public,abstract:0::void::3PP
javax.servlet:ServletResponse:public,abstract,interface:::resetBuffer:public,abstract:0::void::3PP
javax.servlet:ServletResponse:public,abstract,interface:::isCommitted:public,abstract:0::boolean::3PP
javax.servlet:ServletResponse:public,abstract,interface:::reset:public,abstract:0::void::3PP
javax.servlet:ServletResponse:public,abstract,interface:::setLocale:public,abstract:1:java.util.Locale:void::3PP
javax.servlet:ServletResponse:public,abstract,interface:::getLocale:public,abstract:0::java.util.Locale::3PP
javax.servlet:ServletResponseWrapper:public:java.lang.Object:javax.servlet.ServletResponse:<init>:public:1:javax.servlet.ServletResponse:void::3PP
javax.servlet:ServletResponseWrapper:public:java.lang.Object:javax.servlet.ServletResponse:getResponse:public:0::javax.servlet.ServletResponse::3PP
javax.servlet:ServletResponseWrapper:public:java.lang.Object:javax.servlet.ServletResponse:setResponse:public:1:javax.servlet.ServletResponse:void::3PP
javax.servlet:ServletResponseWrapper:public:java.lang.Object:javax.servlet.ServletResponse:getCharacterEncoding:public:0::java.lang.String::3PP
javax.servlet:ServletResponseWrapper:public:java.lang.Object:javax.servlet.ServletResponse:getOutputStream:public:0::javax.servlet.ServletOutputStream::3PP
javax.servlet:ServletResponseWrapper:public:java.lang.Object:javax.servlet.ServletResponse:getWriter:public:0::java.io.PrintWriter::3PP
javax.servlet:ServletResponseWrapper:public:java.lang.Object:javax.servlet.ServletResponse:setContentLength:public:1:int:void::3PP
javax.servlet:ServletResponseWrapper:public:java.lang.Object:javax.servlet.ServletResponse:setContentType:public:1:java.lang.String:void::3PP
javax.servlet:ServletResponseWrapper:public:java.lang.Object:javax.servlet.ServletResponse:setBufferSize:public:1:int:void::3PP
javax.servlet:ServletResponseWrapper:public:java.lang.Object:javax.servlet.ServletResponse:getBufferSize:public:0::int::3PP
javax.servlet:ServletResponseWrapper:public:java.lang.Object:javax.servlet.ServletResponse:flushBuffer:public:0::void::3PP
javax.servlet:ServletResponseWrapper:public:java.lang.Object:javax.servlet.ServletResponse:isCommitted:public:0::boolean::3PP
javax.servlet:ServletResponseWrapper:public:java.lang.Object:javax.servlet.ServletResponse:reset:public:0::void::3PP
javax.servlet:ServletResponseWrapper:public:java.lang.Object:javax.servlet.ServletResponse:resetBuffer:public:0::void::3PP
javax.servlet:ServletResponseWrapper:public:java.lang.Object:javax.servlet.ServletResponse:setLocale:public:1:java.util.Locale:void::3PP
javax.servlet:ServletResponseWrapper:public:java.lang.Object:javax.servlet.ServletResponse:getLocale:public:0::java.util.Locale::3PP
javax.servlet:UnavailableException:public:javax.servlet.ServletException::<init>:public:2:javax.servlet.Servlet,java.lang.String:void::3PP
javax.servlet:UnavailableException:public:javax.servlet.ServletException::<init>:public:3:int,javax.servlet.Servlet,java.lang.String:void::3PP
javax.servlet:UnavailableException:public:javax.servlet.ServletException::<init>:public:1:java.lang.String:void::3PP
javax.servlet:UnavailableException:public:javax.servlet.ServletException::<init>:public:2:java.lang.String,int:void::3PP
javax.servlet:UnavailableException:public:javax.servlet.ServletException::isPermanent:public:0::boolean::3PP
javax.servlet:UnavailableException:public:javax.servlet.ServletException::getServlet:public:0::javax.servlet.Servlet::3PP
javax.servlet:UnavailableException:public:javax.servlet.ServletException::getUnavailableSeconds:public:0::int::3PP
